date,hour,type,北京,天津,石家庄,唐山,秦皇岛,邯郸,保定,张家口,承德,廊坊,沧州,衡水,邢台,太原,呼和浩特,沈阳,大连,长春,哈尔滨,上海,南京,苏州,南通,连云港,徐州,扬州,无锡,常州,镇江,泰州,淮安,盐城,宿迁,杭州,宁波,温州,绍兴,湖州,嘉兴,台州,舟山,金华,衢州,丽水,合肥,福州,厦门,南昌,济南,青岛,郑州,武汉,长沙,广州,深圳,珠海,佛山,中山,江门,东莞,惠州,肇庆,南宁,海口,重庆,成都,贵阳,昆明,拉萨,西安,兰州,西宁,银川,乌鲁木齐,湘潭,株洲,包头,鄂尔多斯,营口,丹东,盘锦,葫芦岛,泉州,临沂,德州,聊城,滨州,淄博,枣庄,烟台,潍坊,济宁,泰安,日照,威海,东营,韶关,汕头,湛江,茂名,梅州,汕尾,河源,阳江,清远,潮州,揭阳,云浮,玉溪,菏泽,大同,长治,临汾,阳泉,赤峰,鞍山,抚顺,本溪,锦州,吉林,齐齐哈尔,牡丹江,大庆,芜湖,马鞍山,九江,洛阳,安阳,开封,焦作,平顶山,三门峡,宜昌,荆州,岳阳,常德,张家界,桂林,北海,柳州,三亚,绵阳,宜宾,攀枝花,泸州,自贡,德阳,南充,遵义,曲靖,咸阳,铜川,延安,宝鸡,渭南,金昌,嘉峪关,石嘴山,克拉玛依,巴音郭楞州,寿光,章丘,即墨,胶南,胶州,莱西,平度,蓬莱,招远,莱州,荣成,文登,乳山,吴江,昆山,常熟,张家港,太仓,句容,江阴,宜兴,金坛,溧阳,海门,临安,富阳,义乌,诸暨,瓦房店,信阳,周口,漳州,晋城,朔州,晋中,运城,忻州,吕梁,乌海,通辽,呼伦贝尔,巴彦淖尔,乌兰察布,兴安盟,锡林郭勒盟,阿拉善盟,阜新,辽阳,铁岭,朝阳,四平,辽源,通化,白山,松原,白城,延边朝鲜族自治州,鸡西,鹤岗,双鸭山,伊春,佳木斯,七台河,黑河,绥化,大兴安岭地区,蚌埠,淮南,淮北,铜陵,安庆,黄山,滁州,阜阳,宿州,六安,亳州,池州,宣城,莆田,三明,南平,龙岩,宁德,景德镇,萍乡,新余,鹰潭,赣州,吉安,宜春,抚州,上饶,鹤壁,新乡,濮阳,许昌,漯河,南阳,商丘,驻马店,黄石,十堰,襄阳,鄂州,荆门,孝感,黄冈,咸宁,随州,恩施土家族苗族自治州,衡阳,邵阳,益阳,郴州,永州,怀化,娄底,湘西州,梧州,防城港,钦州,贵港,玉林,百色,贺州,河池,来宾,崇左,广元,遂宁,内江,乐山,眉山,广安,达州,雅安,巴中,资阳,阿坝藏族羌族自治州,甘孜州,甘孜藏族自治州,凉山彝族自治州,六盘水,安顺,铜仁地区,毕节,黔西南布依族苗族自治州,黔东南苗族侗族自治州,黔东南州,黔南布依族苗族自治州,保山,昭通,丽江,普洱,临沧,楚雄州,红河州,文山州,西双版纳州,大理州,德宏州,怒江州,迪庆州,昌都,山南,日喀则,那曲地区,那曲,阿里地区,林芝,汉中,榆林,安康,商洛,白银,天水,武威,张掖,平凉,酒泉,庆阳,定西,陇南,临夏回族自治州,甘南州,海东地区,海北藏族自治州,黄南藏族自治州,海南藏族自治州,果洛藏族自治州,玉树藏族自治州,海西蒙古族藏族自治州,吴忠,中卫,固原,吐鲁番地区,哈密地区,昌吉州,博尔塔拉蒙古自治州,阿克苏地区,克孜勒苏柯尔克孜自治州,喀什地区,和田地区,伊犁哈萨克州,塔城地区,阿勒泰地区,石河子,五家渠,三沙,兰州新区,赣江新区,儋州,雄安新区,西咸新区
20250604,0,AQI,20,29,50,33,47,67,38,19,32,26,45,52,57,47,17,22,34,16,27,73,59,65,60,69,64,68,56,57,61,70,73,69,73,55,42,46,47,58,53,45,33,42,37,24,52,22,24,26,47,28,52,63,51,20,18,23,20,24,25,10,13,27,38,26,45,51,28,17,37,55,31,33,51,43,59,44,20,26,51,28,24,33,26,71,42,54,30,41,68,30,39,59,32,58,30,30,23,24,35,26,19,24,21,23,18,19,19,28,13,100,21,28,58,54,22,21,18,24,26,22,20,20,36,56,66,39,40,83,76,53,50,36,35,53,58,46,29,36,28,46,23,42,54,27,28,53,43,47,19,31,65,60,39,35,53,34,66,29,35,43,,,,,,,,,,,,,,,,,,,,,,,,,,,,,,46,65,23,31,58,39,53,31,53,31,24,38,26,20,29,32,32,22,22,13,25,16,18,22,20,26,21,18,19,30,22,13,21,17,20,15,18,71,59,59,62,30,23,56,76,58,52,64,32,41,26,25,16,20,22,34,38,35,25,24,26,30,32,35,69,76,66,64,64,49,89,57,50,35,54,58,51,51,53,56,70,39,39,56,58,49,51,41,64,34,33,35,46,23,29,19,31,19,37,26,34,45,34,44,50,49,43,27,41,39,30,,29,20,28,25,35,26,26,17,,18,40,41,17,42,52,13,30,16,38,26,70,46,32,32,38,35,34,,58,24,63,39,43,37,30,43,34,40,50,,43,,48,,48,33,29,29,52,29,30,41,29,56,35,53,42,49,52,177,124,112,164,51,26,47,45,49,,35,41,35,60,57
20250604,0,PM2.5,5,7,22,14,17,20,9,4,11,14,18,15,21,12,8,5,7,7,12,53,42,47,43,44,34,49,40,38,44,51,53,50,49,37,24,30,31,41,33,26,22,28,21,11,32,12,8,18,12,8,14,45,35,11,8,10,13,12,13,4,4,14,18,16,27,24,19,9,10,17,16,23,20,16,42,27,8,7,6,9,4,10,9,36,13,21,11,12,38,6,9,23,9,29,3,7,16,3,21,12,5,3,15,13,10,6,8,5,5,34,9,5,12,17,10,5,3,5,8,13,4,11,17,39,45,23,17,21,29,18,21,11,17,35,41,32,15,25,19,25,12,23,35,18,10,29,29,33,12,22,20,16,11,20,16,21,22,9,16,6,,,,,,,,,,,,,,,,,,,,,,,,,,,,,,29,36,10,4,10,13,16,8,14,9,17,24,16,10,20,14,5,3,8,3,10,4,3,7,9,16,5,3,7,21,2,6,13,11,11,8,7,52,39,33,32,21,16,40,48,36,36,44,20,25,5,13,4,11,11,17,24,24,16,11,16,15,18,16,25,29,21,25,33,16,39,27,24,23,30,38,36,31,37,40,51,20,25,40,41,34,36,24,46,19,14,15,18,12,14,11,21,13,22,12,15,21,24,25,30,32,17,14,26,27,21,,9,7,12,16,12,14,11,12,,5,28,19,11,21,33,3,21,9,19,15,45,28,13,14,7,6,21,,5,5,37,11,16,19,11,23,14,11,17,,18,,19,,13,14,17,13,22,9,3,27,15,22,9,19,14,14,21,111,77,78,101,27,8,6,21,14,,11,10,19,16,23
20250604,0,PM2.5_24h,3,5,13,9,12,9,7,5,7,10,11,11,12,8,7,14,7,8,11,25,22,29,25,22,36,27,28,24,29,30,34,26,34,20,19,15,21,24,22,13,13,15,11,6,24,4,6,18,17,15,20,36,29,10,9,11,11,12,13,9,7,10,10,15,22,23,13,8,8,16,20,19,13,14,31,31,9,6,13,18,13,9,5,24,8,15,14,18,30,9,13,25,20,23,5,9,11,9,16,20,5,6,11,15,5,10,10,8,4,28,6,9,9,11,12,13,12,11,13,9,8,13,17,24,27,20,23,15,30,22,24,16,15,32,28,24,14,14,11,13,11,21,18,10,15,23,27,31,14,14,17,14,7,15,17,15,22,12,10,9,,,,,,,,,,,,,,,,,,,,,,,,,,,,,,26,34,7,6,7,8,18,8,10,12,17,20,13,12,17,8,3,8,15,11,10,13,8,11,8,11,7,8,10,23,12,10,16,9,13,13,10,33,27,34,22,17,9,28,30,33,21,36,19,20,4,9,4,5,12,9,26,18,11,10,14,18,12,12,23,23,20,32,33,25,37,28,20,20,28,27,38,34,30,28,42,13,23,26,22,28,30,24,33,20,14,8,9,8,12,11,14,6,12,10,15,19,21,23,18,26,14,12,21,24,19,,9,6,9,14,14,12,9,12,,5,18,21,9,17,21,9,17,12,11,10,21,9,10,7,9,4,9,,7,5,23,8,15,13,19,17,21,14,14,,12,,20,,14,15,17,9,17,11,2,15,10,14,11,17,15,12,18,66,68,49,105,17,7,7,14,13,,21,13,15,13,20
20250604,0,PM10,20,29,50,33,47,84,38,19,32,26,45,53,64,47,17,22,34,9,27,75,66,71,69,87,78,80,56,63,53,63,77,73,96,60,42,46,47,53,55,45,33,42,37,24,53,19,14,26,47,26,53,64,51,20,18,23,20,24,25,10,12,27,38,26,45,51,28,14,18,59,31,33,52,43,60,44,20,26,51,28,19,33,10,91,42,57,30,41,85,28,39,67,32,65,30,30,19,9,35,26,19,8,20,23,18,,13,28,9,150,21,28,66,57,16,19,6,24,13,22,12,15,36,62,82,39,40,115,102,56,50,36,35,55,52,45,29,35,28,46,22,42,58,27,22,55,43,45,19,28,80,69,39,35,56,34,82,29,35,43,,,,,,,,,,,,,,,,,,,,,,,,,,,,,,46,79,23,31,65,39,56,31,56,22,20,38,21,20,27,32,18,12,21,13,14,7,13,18,17,26,10,6,13,15,22,13,16,17,20,15,16,84,67,67,73,29,20,48,101,66,53,78,32,41,12,25,16,20,21,34,38,35,25,24,26,30,32,35,88,101,81,78,78,49,128,63,50,35,58,65,51,51,47,57,65,39,39,46,46,45,47,41,63,34,33,35,46,23,29,19,31,18,37,26,34,45,34,44,50,49,43,27,41,36,22,,21,14,26,23,35,26,20,15,,18,40,41,12,42,54,13,25,16,38,26,90,46,32,31,9,24,32,,12,10,76,39,43,37,19,43,34,40,50,,43,,48,,48,33,29,29,53,18,17,,29,61,30,55,42,49,54,304,198,174,278,51,21,47,45,49,,24,41,35,70,63
20250604,0,PM10_24h,11,20,38,28,34,46,33,15,27,29,37,48,40,33,16,35,28,21,24,36,40,41,42,41,66,49,41,42,41,44,60,44,54,31,27,23,30,33,33,23,18,25,18,15,42,10,12,25,42,29,64,51,44,18,20,25,18,26,23,19,20,17,21,28,36,46,25,13,15,50,43,37,30,42,45,40,22,26,38,39,39,45,8,53,43,43,50,50,63,41,49,56,45,50,25,35,15,21,29,40,11,19,12,29,10,21,22,18,8,81,21,31,43,36,27,30,30,31,43,18,16,25,25,40,46,25,52,71,92,66,58,43,32,41,41,36,23,24,21,24,21,42,35,16,30,44,52,43,22,24,58,44,28,38,58,38,38,29,24,35,,,,,,,,,,,,,,,,,,,,,,,,,,,,,,42,63,15,42,35,35,51,23,46,32,25,29,18,20,19,28,12,47,41,28,35,23,22,19,24,17,12,16,15,25,19,25,21,12,24,20,16,59,47,65,53,27,18,37,62,65,36,50,29,30,15,17,12,14,13,18,34,28,19,19,25,32,24,24,65,71,48,74,78,58,73,68,38,37,55,44,53,50,43,43,54,29,37,38,25,36,39,38,47,30,25,25,23,18,20,24,22,14,20,25,32,40,27,40,39,43,39,27,34,33,21,,24,9,22,19,25,24,19,13,,15,23,34,12,22,30,13,26,16,23,11,54,19,21,12,14,15,15,,15,8,50,29,37,38,47,39,41,42,48,,36,,47,,23,34,35,25,30,16,4,33,30,41,37,50,40,39,53,169,157,135,449,44,20,31,34,44,,43,25,26,45,54
20250604,0,SO2,3,6,5,5,5,11,2,4,3,2,3,9,4,8,5,6,5,5,8,6,4,5,5,14,8,6,5,15,5,9,10,8,6,7,9,2,6,6,6,4,3,4,3,3,6,4,2,7,9,7,11,7,5,5,7,5,5,5,6,5,7,5,5,4,7,5,5,4,6,6,6,6,9,7,6,6,7,8,5,7,9,10,3,14,7,6,11,15,5,6,7,5,5,9,5,7,7,4,15,5,5,3,4,6,10,8,6,2,2,7,7,7,6,6,7,10,6,8,11,5,4,7,6,7,5,5,16,7,10,10,6,8,6,5,8,4,5,6,11,10,3,7,9,9,8,9,5,5,5,4,5,5,3,7,5,8,14,10,7,16,,,,,,,,,,,,,,,,,,,,,,,,,,,,,,6,5,4,7,12,7,8,5,3,9,6,5,6,12,5,2,9,5,6,5,7,5,3,8,5,6,4,6,6,13,7,6,5,10,5,5,7,9,6,10,8,3,4,6,6,6,5,8,5,5,3,2,4,10,4,27,6,6,9,3,9,7,8,5,9,7,7,12,7,8,4,6,7,7,7,5,8,7,6,2,6,6,6,10,4,3,5,3,6,6,7,3,11,4,4,4,9,7,6,7,4,9,8,8,9,8,5,4,5,6,5,,2,7,10,6,3,4,2,2,,4,8,3,8,5,2,11,8,8,8,7,6,8,6,4,6,10,7,,7,5,6,11,5,9,9,10,8,5,11,,9,,8,,5,9,11,5,11,19,4,12,4,15,5,6,4,11,3,6,4,7,3,7,5,2,9,7,,5,5,7,7,6
20250604,0,SO2_24h,3,6,4,5,4,9,2,5,4,3,4,7,4,8,5,11,5,5,6,7,5,5,6,10,8,5,6,9,6,9,8,8,6,6,9,3,6,6,6,4,3,3,3,3,6,4,1,7,7,8,7,8,5,5,7,5,6,6,6,5,7,5,5,4,8,5,6,4,6,7,10,10,9,7,7,6,10,6,6,8,9,10,3,10,7,8,9,11,5,5,8,5,6,10,5,8,7,4,14,11,5,3,4,6,7,5,5,4,3,5,8,11,6,8,7,10,7,8,10,5,4,7,7,7,8,6,11,5,10,11,8,9,6,7,7,4,5,6,6,10,3,7,10,8,10,10,7,7,5,6,5,6,4,8,7,19,12,12,8,10,,,,,,,,,,,,,,,,,,,,,,,,,,,,,,5,5,4,9,7,8,8,5,4,29,5,4,7,9,5,3,9,8,8,6,7,6,4,13,5,6,5,7,6,14,8,7,5,9,5,7,7,7,5,7,8,4,5,5,6,5,5,8,5,5,3,4,4,6,4,19,9,6,9,4,9,11,3,9,8,6,8,9,6,7,3,6,9,6,7,6,9,8,7,4,8,6,7,11,5,3,6,5,9,6,9,2,8,5,2,4,8,7,6,7,6,9,8,8,11,7,5,5,5,7,5,,4,7,21,7,3,4,2,2,,4,9,4,8,5,3,8,8,8,8,7,6,7,5,4,8,11,7,,6,5,6,13,6,8,56,11,9,6,12,,6,,8,,5,10,11,4,11,19,4,9,5,10,5,6,4,9,3,5,3,6,3,6,3,2,10,9,,12,5,6,8,6
20250604,0,NO2,26,39,30,25,69,33,28,13,24,28,37,44,45,36,30,16,15,15,39,28,36,72,43,23,27,23,44,32,28,31,20,19,25,38,47,20,26,62,32,15,25,21,28,16,33,11,9,39,40,22,23,57,21,21,16,25,24,26,25,17,11,21,17,10,30,59,11,14,15,41,19,25,56,26,45,16,36,28,10,24,21,21,6,44,21,40,29,33,21,13,26,34,48,63,12,36,9,5,11,14,15,7,10,13,15,6,10,22,12,33,22,25,45,88,11,16,14,11,11,15,9,12,22,52,56,59,25,25,24,22,17,32,25,61,44,27,8,10,11,31,5,49,43,13,5,34,26,23,12,10,47,36,54,28,47,18,10,21,6,18,,,,,,,,,,,,,,,,,,,,,,,,,,,,,,13,26,13,26,23,34,24,16,37,9,6,10,10,29,5,53,7,11,7,17,12,14,9,8,7,23,4,6,13,7,4,7,11,11,4,22,4,20,17,25,37,42,10,12,15,19,20,14,16,31,8,14,6,17,7,26,11,18,15,11,11,12,15,36,23,31,26,29,35,26,37,17,17,18,19,55,16,10,16,31,22,13,18,18,51,22,14,19,27,12,47,16,22,11,16,11,11,20,47,15,49,36,26,50,63,20,37,8,33,21,12,,6,11,10,9,18,12,11,22,,12,4,9,9,9,7,16,11,12,11,12,11,13,7,6,1,7,14,,5,3,24,73,14,24,12,19,11,12,31,,16,,11,,20,12,15,2,32,2,21,1,48,34,8,21,45,29,22,81,7,25,12,40,4,10,13,6,,10,65,7,40,42
20250604,0,NO2_24h,15,26,17,14,22,16,15,6,11,17,19,19,20,26,18,19,14,17,18,19,17,23,24,17,21,12,20,19,23,20,20,17,21,18,20,19,15,21,17,11,14,14,13,9,23,10,14,12,21,18,15,29,14,19,16,18,20,23,19,18,12,19,10,10,21,37,10,13,10,26,22,17,22,17,13,13,24,14,12,15,19,24,8,25,17,15,18,24,16,11,19,15,17,31,9,22,10,7,11,13,9,8,11,12,9,11,9,15,8,17,12,20,23,36,10,18,19,16,18,11,10,10,12,29,22,24,19,9,20,17,16,23,22,24,19,11,6,7,9,10,5,30,24,11,15,26,30,17,11,12,29,20,29,20,27,9,8,16,5,13,,,,,,,,,,,,,,,,,,,,,,,,,,,,,,11,14,13,19,13,18,19,16,26,16,9,10,11,9,8,15,5,16,13,16,14,21,13,14,12,12,7,7,10,9,8,8,12,14,6,15,5,14,12,15,19,20,4,7,11,14,13,10,11,10,10,13,7,8,10,12,10,7,7,6,4,7,3,11,15,17,16,18,19,24,18,16,11,14,16,18,12,12,9,14,17,10,10,12,10,10,9,11,14,9,15,10,12,8,9,11,7,9,11,9,25,18,20,32,39,19,26,10,19,25,11,,18,8,15,7,13,9,11,9,,7,5,7,10,6,8,10,8,9,8,6,8,6,7,5,4,4,14,,4,5,16,29,12,19,15,17,12,10,16,,11,,12,,6,8,7,5,9,2,7,1,17,20,14,11,32,12,10,15,4,12,9,18,7,12,5,6,,14,18,6,19,32
20250604,0,O3,46,47,68,60,13,90,55,50,32,50,47,65,55,63,40,53,80,51,38,111,81,62,113,133,120,114,117,132,105,102,122,98,128,70,68,78,77,60,100,90,54,65,44,21,87,71,78,48,64,89,105,42,100,27,40,49,30,36,35,26,41,25,102,71,40,37,55,53,119,55,89,82,29,74,65,66,37,50,83,51,77,65,82,99,98,68,84,84,117,95,87,88,65,50,96,70,51,77,67,41,16,78,41,41,34,61,62,11,42,112,48,84,30,5,71,67,57,70,84,58,65,63,50,64,36,28,89,110,132,90,110,63,24,26,50,55,41,101,91,33,73,27,34,58,91,61,68,63,41,59,47,75,13,42,126,74,94,75,99,94,,,,,,,,,,,,,,,,,,,,,,,,,,,,,,94,127,59,95,57,61,85,78,44,99,54,36,83,46,53,8,103,69,71,43,79,51,59,69,63,34,68,58,62,86,58,12,67,40,55,49,56,124,135,109,60,50,25,113,131,137,112,129,89,45,84,22,48,16,71,27,67,60,58,49,48,44,63,29,121,92,114,98,102,71,102,150,99,28,71,41,66,108,113,31,59,27,63,85,53,22,66,25,66,21,2,88,83,75,52,58,66,25,32,84,21,49,47,32,29,65,10,65,17,77,20,,94,63,91,81,37,65,84,44,,27,45,82,54,17,20,43,39,39,24,53,38,18,100,102,122,113,110,,166,77,30,21,26,67,95,70,98,100,86,,115,,68,,37,84,63,88,62,94,96,132,37,73,111,84,50,65,63,11,101,78,98,38,82,58,67,83,,113,10,80,43,49
20250604,0,O3_24h,,,,,,,,,,,,,,,,,,,,,,,,,,,,,,,,,,,,,,,,,,,,,,,,,,,,,,,,,,,,,,,,,,,,,,,,,,,,,,,,,,,,,,,,,,,,,,,,,,,,,,,,,,,,,,,,,,,,,,,,,,,,,,,,,,,,,,,,,,,,,,,,,,,,,,,,,,,,,,,,,,,,,,,,,,,,,,,,,,,,,,,,,,,,,,,,,,,,,,,,,,,,,,,,,,,,,,,,,,,,,,,,,,,,,,,,,,,,,,,,,,,,,,,,,,,,,,,,,,,,,,,,,,,,,,,,,,,,,,,,,,,,,,,,,,,,,,,,,,,,,,,,,,,,,,,,,,,,,,,,,,,,,,,,,,,,,,,,,,,,,,,,,,,,,,,,,,,,,,,,,,,,,,,,,,,,,,,
20250604,0,O3_8h,93,104,124,100,94,155,110,96,88,104,121,127,133,119,92,84,110,79,87,168,192,197,188,157,191,190,201,190,194,181,165,176,169,177,165,97,173,174,191,107,151,151,131,87,165,88,77,124,128,128,180,170,150,61,81,99,73,83,90,59,67,46,122,96,97,132,92,70,149,163,131,119,109,110,155,133,93,102,102,109,101,87,85,171,132,137,128,130,177,119,127,153,135,131,123,139,69,79,96,107,54,79,52,88,57,61,70,45,59,166,100,119,134,115,82,94,89,94,94,90,84,100,83,168,209,118,177,155,190,160,172,138,72,126,150,125,87,126,108,97,68,106,109,72,99,117,125,124,73,85,146,166,115,113,175,119,117,117,99,111,,,,,,,,,,,,,,,,,,,,,,,,,,,,,,163,171,60,125,108,121,143,111,119,109,72,65,102,99,75,78,100,89,95,80,87,73,96,88,92,72,82,93,96,99,96,97,110,91,82,96,71,196,180,188,161,166,108,166,170,201,174,176,163,145,87,58,67,56,89,102,108,113,109,75,91,100,97,112,157,166,144,188,192,148,185,189,161,76,115,174,121,147,185,166,132,75,129,144,154,96,131,95,151,85,99,99,109,109,87,85,92,92,126,116,114,116,106,125,129,106,67,101,88,132,64,,94,93,103,109,99,99,116,84,,61,91,103,61,73,75,50,69,54,55,71,90,70,103,130,148,158,155,,175,105,90,109,74,124,128,119,122,131,148,,143,,103,,95,128,141,112,129,114,129,140,137,119,132,122,107,112,106,107,109,104,106,106,95,81,99,101,,149,130,92,113,151
20250604,0,O3_8h_24h,75,76,100,81,62,129,88,76,69,79,95,105,110,100,73,66,101,58,64,145,152,150,151,148,154,165,172,164,158,148,140,138,141,130,126,88,133,136,142,102,119,110,93,51,127,83,76,93,104,108,147,111,135,49,63,85,55,73,71,50,55,35,112,88,72,99,66,58,140,122,111,107,83,101,126,96,72,85,86,80,87,62,85,142,119,113,117,109,152,108,109,107,107,103,112,116,46,77,85,77,37,71,48,69,48,61,63,30,51,130,81,107,89,72,77,77,66,73,79,69,79,81,64,106,138,83,129,147,168,136,139,98,54,90,117,103,63,111,103,76,79,73,85,64,91,98,100,101,60,67,111,139,62,73,162,99,107,102,97,99,,,,,,,,,,,,,,,,,,,,,,,,,,,,,,140,153,60,116,89,108,111,102,89,104,66,49,91,80,62,59,100,79,78,56,78,52,67,72,59,53,73,62,72,97,72,53,91,52,60,69,58,160,163,155,117,110,64,151,157,177,149,154,131,107,87,42,51,38,84,67,91,94,82,67,76,77,88,89,152,145,126,152,156,126,142,164,141,51,97,132,92,129,161,112,98,50,102,125,122,60,108,66,127,54,51,97,100,101,75,66,81,57,98,110,70,92,87,94,94,90,35,81,56,112,39,,88,78,93,91,71,80,99,70,,48,66,96,60,48,51,49,57,46,41,68,69,49,103,124,142,140,126,,169,99,68,83,57,100,117,98,115,124,131,,132,,83,,75,118,,95,105,102,124,139,109,103,122,113,81,99,97,84,107,97,105,90,85,75,90,97,,138,76,91,84,112
20250604,0,CO,0.29,0.27,0.42,0.50,0.33,0.56,0.17,0.44,0.28,0.30,0.43,0.33,0.47,0.43,0.34,0.43,0.21,0.28,0.73,0.79,0.75,0.80,0.74,0.69,0.72,0.86,0.93,0.70,0.84,0.82,0.86,0.68,0.67,0.60,0.64,0.54,0.54,0.63,0.77,0.47,0.80,0.60,0.43,0.40,0.61,0.35,0.50,0.59,0.46,0.44,0.64,0.91,0.63,0.76,0.77,0.62,0.84,0.65,0.60,0.75,0.73,0.64,0.64,0.40,0.68,0.74,0.40,0.42,0.33,0.58,0.20,0.37,0.56,0.36,0.68,0.70,0.34,0.38,0.40,0.60,0.30,0.40,0.57,0.64,0.33,0.57,0.42,0.55,0.57,0.30,0.32,0.38,0.40,0.98,0.20,0.52,0.60,0.63,0.82,0.78,0.80,0.60,0.70,0.70,0.72,0.80,0.68,0.70,0.53,0.40,0.63,0.34,0.57,0.50,0.38,0.58,0.45,0.52,0.44,0.37,0.33,0.30,0.47,0.78,0.83,0.90,0.64,0.42,0.57,0.52,0.54,0.43,0.55,0.83,0.73,0.68,0.27,0.50,0.68,0.61,0.20,0.62,1.00,0.66,0.30,0.63,0.68,0.55,0.48,0.80,0.48,0.50,0.37,0.37,0.45,0.80,0.20,0.36,0.14,0.27,,,,,,,,,,,,,,,,,,,,,,,,,,,,,,0.50,0.50,0.67,0.28,0.18,0.27,0.50,0.37,0.33,0.35,0.37,0.20,0.25,0.27,0.27,0.30,0.30,0.28,0.30,0.28,0.30,0.20,0.25,0.40,0.75,0.40,0.30,0.43,0.40,0.50,0.33,0.70,0.40,0.40,0.30,0.30,0.35,0.70,0.40,0.83,0.73,0.47,0.40,0.45,0.54,0.45,0.50,0.57,0.93,0.57,0.55,0.73,0.67,0.70,0.45,0.68,0.88,1.20,0.68,0.48,0.70,0.56,0.57,0.70,0.54,0.50,0.63,0.45,0.78,0.45,0.43,0.33,0.63,0.57,0.60,0.93,0.48,0.65,0.90,0.90,1.13,0.43,0.72,0.75,0.90,0.43,0.60,0.40,0.77,0.35,0.77,0.67,0.58,0.47,0.50,0.53,0.53,0.60,0.75,0.50,0.57,0.53,0.75,1.03,0.70,0.73,0.57,0.40,0.70,0.55,0.60,,0.40,0.50,0.28,0.37,0.45,0.45,0.25,0.45,,0.45,0.50,0.30,0.65,0.60,0.60,0.55,0.30,0.45,0.60,0.50,0.65,0.55,0.35,0.30,0.25,0.15,0.30,,0.40,0.35,0.77,0.43,0.60,0.55,0.35,0.35,0.30,0.30,0.70,,0.50,,0.50,,0.40,0.50,0.50,0.10,0.40,0.40,0.40,0.50,0.43,0.40,0.27,0.50,0.50,0.45,0.55,1.00,0.25,0.40,0.50,0.65,,0.60,0.30,0.40,,0.25,0.60,0.65,0.28,0.45
20250604,0,CO_24h,0.23,0.28,0.30,0.28,0.25,0.38,0.17,0.44,0.23,0.22,0.20,0.25,0.37,0.33,0.30,0.65,0.21,0.32,0.56,0.68,0.52,0.63,0.64,0.53,0.72,0.58,0.83,0.61,0.54,0.67,0.66,0.60,0.67,0.49,0.55,0.58,0.46,0.57,0.80,0.42,0.60,0.60,0.40,0.47,0.55,0.38,0.48,0.50,0.49,0.53,0.63,0.72,0.57,0.72,0.67,0.53,0.77,0.57,0.53,0.75,0.60,0.56,0.57,0.38,0.62,0.66,0.33,0.43,0.30,0.55,0.40,0.40,0.44,0.37,0.63,0.58,0.46,0.26,0.44,0.60,0.33,0.35,0.60,0.47,0.35,0.57,0.40,0.40,0.48,0.28,0.30,0.42,0.38,0.72,0.22,0.52,0.63,0.59,0.73,0.66,0.80,0.50,0.70,0.80,0.63,0.90,0.66,0.65,0.50,0.40,0.41,0.40,0.53,0.42,0.42,0.84,0.53,0.73,0.54,0.37,0.33,0.32,0.38,0.62,0.83,0.70,0.68,0.48,0.55,0.47,0.58,0.47,0.53,0.70,0.63,0.60,0.30,0.47,0.70,0.54,0.20,0.62,0.82,0.68,0.43,0.57,0.75,0.50,0.50,0.70,0.45,0.50,0.33,0.40,0.50,0.80,0.40,0.58,0.24,0.23,,,,,,,,,,,,,,,,,,,,,,,,,,,,,,0.47,0.50,0.60,0.54,0.15,0.17,0.66,0.37,0.37,0.60,0.40,0.20,0.25,0.23,0.33,0.20,0.35,0.28,0.55,0.35,0.30,0.25,0.30,0.65,0.80,0.40,0.30,0.47,0.43,0.47,0.47,0.68,0.40,0.40,0.40,0.40,0.35,0.48,0.34,0.83,0.63,0.47,0.35,0.35,0.38,0.43,0.38,0.57,0.68,0.50,0.60,0.93,0.70,0.67,0.50,0.53,0.75,0.80,0.65,0.52,0.68,0.62,0.50,0.67,0.52,0.50,0.63,0.47,0.76,0.55,0.50,0.40,0.57,0.55,0.58,0.80,0.52,0.70,0.80,0.80,1.13,0.37,0.65,0.65,0.80,0.30,0.57,0.40,0.82,0.45,0.37,0.57,0.60,0.53,0.50,0.60,0.60,0.55,0.70,0.50,0.60,0.47,0.75,0.93,0.57,0.70,0.53,0.50,0.65,0.55,0.60,,0.40,0.60,0.72,0.37,0.45,0.40,0.25,0.45,,0.40,0.45,0.30,0.60,0.50,0.50,0.50,0.27,0.45,0.50,0.45,0.60,0.35,0.40,0.30,0.30,0.10,0.30,,0.35,0.35,0.73,0.40,0.60,0.55,0.55,0.40,0.30,0.30,0.70,,0.45,,0.55,,0.30,0.50,0.40,0.20,0.30,0.40,0.40,0.50,0.27,0.35,0.30,0.40,0.40,0.30,0.35,0.30,0.25,0.25,0.55,0.45,0.10,0.50,0.35,0.45,,0.30,0.60,0.50,0.20,0.43
20250604,21,AQI,38,48,52,41,49,57,61,37,43,42,52,46,47,55,34,32,31,27,24,78,59,51,65,46,84,60,51,55,51,56,77,54,58,44,33,29,36,52,53,31,29,52,42,33,59,34,35,29,39,37,62,59,51,38,21,17,40,43,45,35,24,55,39,23,49,49,28,40,32,59,33,30,46,42,68,48,25,37,29,52,33,37,30,70,36,54,44,44,67,47,41,62,40,35,27,39,27,34,29,30,,34,37,53,30,38,34,33,21,77,40,88,62,38,34,27,39,30,35,26,30,27,33,56,60,33,54,74,65,97,51,57,43,54,43,55,31,49,34,50,20,43,36,37,27,33,42,41,42,48,60,48,39,28,57,81,43,37,35,47,,,,,,,,,,,,,,,,,,,,,,,,,,,,,,49,55,41,61,34,36,54,40,70,42,41,36,48,30,46,22,49,33,28,30,32,29,24,21,31,36,26,19,15,54,32,21,22,20,25,25,22,73,67,71,55,47,39,59,61,92,51,45,40,59,33,19,23,14,38,44,45,35,48,31,33,36,37,42,74,105,56,62,53,64,69,38,42,52,62,58,53,61,47,55,44,44,47,49,48,46,50,48,55,37,40,62,51,45,42,26,36,34,52,44,35,44,31,47,52,49,52,52,38,40,41,,28,26,30,47,33,47,37,27,,25,43,34,35,46,30,33,29,23,49,40,40,62,28,36,39,33,50,,47,32,47,36,53,49,35,37,59,47,44,,35,,46,,27,54,33,40,49,33,39,42,50,37,32,101,38,46,28,95,168,342,286,53,32,36,51,45,,50,34,32,65,56
20250604,21,PM2.5,15,15,17,18,14,8,19,13,17,14,17,16,15,23,12,15,13,11,10,42,37,28,46,7,30,26,28,34,34,36,29,17,21,27,17,13,20,33,32,9,18,25,23,12,40,15,18,18,12,8,22,40,31,20,11,6,21,24,29,20,15,32,27,10,28,29,12,23,8,22,22,18,12,17,49,33,9,8,13,15,11,11,14,33,12,15,11,20,29,13,7,24,14,8,7,4,18,12,16,14,,12,23,32,19,20,21,13,4,37,11,19,16,15,24,12,15,15,13,18,14,18,17,31,43,21,18,19,31,32,17,30,21,38,25,39,16,29,18,30,9,28,19,21,12,17,25,29,27,28,20,16,11,18,20,34,18,10,13,15,,,,,,,,,,,,,,,,,,,,,,,,,,,,,,34,17,22,8,14,14,19,21,23,17,25,22,20,17,24,9,9,13,9,16,19,15,8,12,16,5,8,13,6,28,12,13,12,10,10,10,8,44,37,22,31,27,23,42,26,47,30,18,24,42,13,13,8,9,22,19,30,21,21,18,19,22,20,19,30,30,20,18,17,23,27,15,19,35,33,41,27,30,29,30,30,24,33,34,32,32,35,30,39,19,19,29,26,25,28,18,24,18,33,22,23,20,16,30,28,31,19,34,22,27,29,,15,15,17,33,14,25,20,19,,17,30,21,21,32,21,16,20,16,25,25,18,25,12,9,6,3,14,,5,8,19,8,24,15,10,24,26,14,13,,12,,20,,10,19,14,9,,22,3,7,10,10,10,30,15,17,10,61,95,292,114,22,3,3,30,15,,15,8,16,20,20
20250604,21,PM2.5_24h,7,8,15,10,12,9,9,6,8,12,13,11,16,10,9,7,9,12,16,45,37,38,43,28,36,34,36,37,36,43,42,36,41,29,22,19,26,36,32,18,18,26,25,12,35,15,12,17,9,10,19,41,35,15,8,10,16,12,18,12,10,17,20,15,24,32,13,11,8,16,15,20,12,16,37,27,8,6,8,8,7,11,13,22,9,10,11,12,32,7,7,28,12,14,4,6,17,6,14,12,11,7,18,15,15,11,11,8,5,33,9,12,11,15,10,7,7,9,11,19,8,13,16,35,41,27,15,18,30,23,17,17,14,31,33,28,15,29,20,27,11,21,24,18,10,23,30,33,17,15,20,18,8,15,17,26,19,8,13,10,,,,,,,,,,,,,,,,,,,,,,,,,,,,,,26,27,15,10,10,7,19,8,9,9,16,20,16,11,17,7,6,6,10,5,9,9,6,6,9,14,7,6,7,19,5,9,8,9,9,11,7,41,37,34,29,21,16,38,31,34,30,35,22,29,13,11,6,8,14,13,26,22,19,14,19,18,17,19,21,26,21,24,25,20,30,19,29,18,32,39,32,36,38,33,44,13,28,32,28,35,36,24,39,18,19,18,20,19,19,13,26,14,25,18,19,24,21,29,28,32,17,19,23,22,16,,9,11,12,19,10,16,14,14,,10,28,20,14,17,27,7,17,11,17,19,31,23,11,8,6,4,9,,6,5,25,9,20,14,14,15,15,15,14,,14,,18,,13,14,14,9,25,10,3,14,11,13,8,21,15,15,14,70,94,85,109,27,9,7,21,20,,16,12,19,15,18
20250604,21,PM10,38,48,53,41,49,64,72,37,43,42,53,46,47,60,34,32,31,22,24,55,67,51,80,46,117,69,52,60,52,62,103,57,65,44,33,29,36,53,56,30,29,53,42,29,67,29,35,29,39,24,73,68,52,38,21,15,40,43,45,35,24,60,39,18,49,49,28,40,16,67,31,28,46,42,54,48,23,37,22,53,15,24,27,90,36,57,44,44,84,47,41,73,40,26,19,22,27,29,29,30,,19,37,55,30,38,34,27,16,104,40,58,73,38,33,27,39,30,29,24,30,27,33,61,69,33,58,97,80,144,52,64,43,55,43,56,31,49,31,50,20,43,36,37,22,33,42,40,42,48,69,48,32,28,63,112,43,36,34,47,,,,,,,,,,,,,,,,,,,,,,,,,,,,,,49,59,41,60,34,34,58,40,90,42,41,36,48,30,46,14,39,33,21,28,26,29,16,21,31,36,18,15,13,57,32,21,22,20,25,25,22,96,84,91,59,47,39,68,71,134,52,44,40,58,18,15,23,13,38,44,45,35,48,31,33,36,37,42,98,160,62,74,56,77,87,38,41,53,73,59,55,72,47,59,44,44,43,47,44,42,47,48,42,37,40,74,51,45,42,26,36,34,53,44,35,44,28,47,54,49,54,54,38,40,,,28,26,30,42,33,47,37,23,,24,31,34,35,43,28,33,26,16,49,40,40,74,18,11,19,12,50,,14,7,47,25,56,49,34,35,67,47,44,,34,,46,,27,57,20,40,49,29,6,36,50,32,26,152,38,46,28,140,285,250,410,56,,23,52,45,,50,34,32,80,62
20250604,21,PM10_24h,20,29,40,26,35,48,38,19,26,27,36,42,42,35,20,18,31,18,33,53,63,57,70,62,85,68,56,64,51,62,77,66,76,46,36,31,40,53,54,35,32,43,43,27,60,24,21,27,32,31,72,65,54,26,19,22,31,24,31,23,19,31,35,25,40,54,26,18,14,49,34,29,35,47,55,40,20,23,28,26,20,29,20,65,34,37,29,38,77,26,34,82,37,44,22,30,26,18,24,26,23,14,26,31,23,21,22,27,10,105,27,37,50,39,16,18,17,23,28,26,19,19,24,57,72,41,43,79,96,75,53,46,35,48,49,43,28,39,33,43,21,40,42,30,23,43,49,47,23,26,66,52,30,32,56,72,58,24,29,43,,,,,,,,,,,,,,,,,,,,,,,,,,,,,,40,67,25,54,40,28,67,19,50,30,22,32,22,22,20,21,25,16,18,16,20,14,15,11,19,21,13,13,14,22,12,15,12,9,17,21,13,78,69,77,63,33,26,56,66,80,55,63,35,44,22,16,14,14,30,28,36,35,35,24,30,33,33,38,69,96,67,75,62,54,87,49,55,37,63,62,52,57,53,46,57,32,46,44,38,44,47,37,54,31,36,47,46,31,27,24,37,25,39,34,35,44,28,46,53,53,43,35,32,35,15,,25,21,27,26,23,29,29,17,,21,56,36,21,56,52,14,24,23,44,32,60,54,32,11,13,14,21,,16,6,54,31,44,35,32,34,46,41,45,,42,,41,,27,29,24,22,30,14,8,26,36,54,25,80,44,37,31,184,219,191,377,65,24,28,45,48,,34,27,31,51,53
20250604,21,SO2,3,7,3,7,4,5,4,5,4,3,5,4,3,7,6,11,7,5,7,8,6,5,7,11,8,5,5,16,5,10,9,8,7,7,8,3,6,6,10,5,7,2,5,3,6,6,3,6,6,7,6,8,4,6,7,4,5,5,6,6,7,7,4,3,7,5,6,5,6,6,6,7,8,5,7,6,10,7,6,8,7,8,3,11,5,6,10,9,6,5,8,5,5,6,5,7,7,4,8,6,,3,4,7,9,4,5,4,3,6,10,10,8,9,17,8,7,7,19,5,5,7,7,7,6,7,9,4,9,10,6,9,9,7,8,5,5,6,6,9,2,7,8,9,9,7,4,5,6,7,6,5,4,6,6,14,6,8,8,7,,,,,,,,,,,,,,,,,,,,,,,,,,,,,,5,4,5,9,6,6,6,5,4,12,6,5,7,10,5,3,10,11,6,6,11,6,3,9,4,6,4,7,7,14,6,5,4,8,6,5,8,10,6,8,7,5,5,6,6,6,5,6,5,6,4,2,5,11,5,11,6,6,10,20,7,7,6,4,8,6,9,6,6,7,2,8,9,6,8,11,7,7,8,5,7,6,7,13,4,7,5,5,8,6,7,9,8,5,6,4,10,12,6,6,4,9,6,7,10,6,6,5,6,5,6,,3,10,9,7,4,4,2,3,,3,6,4,7,5,6,7,4,7,8,7,6,8,6,4,7,10,6,,7,5,5,18,9,7,20,11,9,6,15,,5,,8,,6,14,6,5,15,19,5,9,3,5,6,7,3,8,2,4,3,5,2,6,3,2,9,5,,5,5,6,7,6
20250604,21,SO2_24h,3,7,4,6,5,7,3,5,4,3,3,7,4,9,6,6,6,5,7,7,6,6,8,11,9,10,7,12,6,10,10,8,7,6,9,3,6,6,7,5,4,4,4,3,6,5,2,7,7,9,10,8,4,5,7,5,6,5,7,5,7,6,6,4,8,6,6,4,6,6,7,9,8,6,8,6,13,8,7,8,10,10,3,10,9,8,11,12,6,6,8,7,6,8,6,10,8,4,10,7,5,3,5,7,8,6,6,5,3,8,9,11,7,7,7,12,6,9,12,6,4,7,6,8,8,9,10,7,12,14,8,11,7,7,8,6,5,7,7,10,3,7,10,15,10,9,6,7,7,5,6,6,4,7,6,20,17,11,8,8,,,,,,,,,,,,,,,,,,,,,,,,,,,,,,5,6,5,10,9,7,8,5,5,19,7,4,7,11,5,3,10,6,6,5,7,5,4,8,5,6,4,7,6,14,6,6,5,9,5,5,8,8,7,8,11,6,5,6,7,6,6,9,5,7,3,3,4,6,5,9,7,9,18,5,10,8,6,13,10,8,9,11,6,8,5,6,10,7,8,10,8,8,8,4,8,6,8,11,8,10,6,4,10,6,7,4,9,6,4,4,9,8,7,9,8,9,7,10,13,8,7,5,6,6,6,,4,9,13,8,3,4,2,3,,5,6,4,8,5,3,9,9,6,8,7,8,8,6,4,6,10,7,,7,5,6,11,8,9,32,10,11,6,12,,7,,9,,6,10,8,5,13,19,4,10,5,10,5,7,4,8,2,4,4,6,2,6,3,2,10,7,,12,5,6,7,6
20250604,21,NO2,22,43,15,27,33,37,24,26,21,19,25,36,30,53,30,49,21,27,28,32,24,45,55,19,25,37,33,24,21,42,44,18,20,57,33,47,26,39,44,22,33,45,30,20,22,14,18,21,40,25,31,48,16,35,27,23,35,50,40,30,19,34,14,5,28,28,15,26,22,47,16,32,22,10,26,20,49,23,23,34,19,13,12,40,26,40,34,39,35,33,28,24,23,24,20,22,17,6,11,18,,11,35,21,15,11,15,17,9,35,23,16,24,45,51,25,41,33,22,27,16,20,17,47,22,28,21,14,40,33,16,30,36,34,28,15,13,15,8,17,5,20,22,18,10,13,28,12,15,19,30,20,22,21,29,11,15,26,6,15,,,,,,,,,,,,,,,,,,,,,,,,,,,,,,9,16,23,19,24,25,25,29,42,24,14,9,28,17,27,16,10,25,23,59,15,54,25,15,14,18,11,15,12,16,15,7,25,6,15,24,8,23,19,17,25,26,12,16,18,26,15,15,19,22,14,11,12,22,15,26,15,12,20,12,11,13,6,12,41,29,39,19,22,54,34,20,14,27,11,27,15,19,22,23,9,20,17,21,16,13,16,17,23,13,38,18,18,16,24,9,18,15,14,9,15,34,18,20,27,18,64,30,41,27,12,,16,17,12,13,27,18,10,22,,7,5,21,18,10,9,10,7,13,17,10,10,9,9,3,2,6,,,8,4,14,17,15,38,14,12,11,12,18,,8,,4,,8,28,4,6,17,2,3,9,10,9,10,7,23,11,13,13,5,12,9,13,4,9,6,5,,16,27,5,28,41
20250604,21,NO2_24h,21,28,23,19,34,21,18,10,15,23,27,24,22,26,21,15,15,17,29,26,24,34,39,26,25,22,26,26,20,27,18,17,20,29,28,21,20,40,28,16,33,24,20,13,22,11,11,23,26,32,23,39,23,22,20,29,26,31,29,19,14,19,13,9,23,37,12,15,11,29,21,16,21,17,24,14,27,20,11,16,17,23,8,31,18,21,20,29,18,14,22,26,24,30,12,24,10,6,9,13,13,9,14,16,13,9,12,18,10,21,17,24,25,45,15,17,17,15,15,15,9,15,15,31,27,35,19,14,24,23,20,27,24,36,23,14,7,10,11,15,7,25,26,14,10,19,24,18,10,11,30,22,29,19,28,14,17,15,6,10,,,,,,,,,,,,,,,,,,,,,,,,,,,,,,10,18,15,25,22,21,18,17,27,15,8,8,13,13,8,15,6,13,12,17,12,14,13,10,11,15,6,9,11,6,5,5,9,10,7,21,5,16,14,17,26,27,7,10,12,16,16,13,12,15,10,10,6,13,10,14,10,11,12,8,8,8,7,17,22,29,25,23,20,27,23,16,17,14,17,31,19,13,17,16,18,10,13,15,15,13,11,12,18,10,16,16,18,13,12,9,11,11,21,9,26,21,16,29,39,19,30,12,22,19,10,,13,12,12,8,13,11,11,12,,8,6,9,10,7,7,9,9,12,10,6,9,9,7,4,4,5,12,,5,4,17,34,12,19,16,18,14,8,17,,12,,11,,8,6,6,4,12,2,9,2,21,20,10,15,18,11,11,23,5,15,9,18,7,9,6,8,,15,26,6,22,30
20250604,21,O3,113,88,134,117,104,125,129,68,51,112,109,94,119,93,96,66,100,86,76,182,163,114,154,111,179,124,156,160,144,117,103,145,166,64,91,67,94,126,129,98,83,116,107,106,141,109,92,85,95,117,160,131,144,33,40,54,46,22,40,32,33,116,121,74,89,84,64,65,102,96,106,96,146,95,135,84,80,115,94,62,104,117,95,171,105,104,84,87,136,77,99,139,122,111,85,124,54,108,70,53,,109,22,71,70,110,108,107,66,141,101,190,145,114,41,83,65,59,112,80,83,46,77,94,152,86,141,165,147,129,132,126,92,131,116,137,59,84,109,108,55,80,107,75,85,107,85,102,66,59,117,122,126,80,120,121,130,118,111,106,,,,,,,,,,,,,,,,,,,,,,,,,,,,,,138,134,84,169,93,115,125,77,62,108,86,78,80,96,50,69,156,91,90,45,101,50,76,27,50,81,83,58,48,43,27,40,35,48,63,81,42,158,150,150,77,112,45,152,149,177,131,143,99,94,107,58,55,44,82,34,104,105,96,64,65,83,107,135,145,164,119,129,115,77,115,118,134,40,139,146,114,139,128,128,116,50,107,88,154,55,86,48,94,53,28,89,101,106,67,57,70,70,148,121,99,72,100,103,103,105,28,98,68,84,,,77,71,96,101,46,86,72,48,,79,45,78,62,48,46,74,67,41,42,66,63,44,91,114,125,106,96,,151,101,74,116,68,62,112,119,115,139,97,,112,,112,,54,98,104,103,,104,125,134,111,118,101,118,88,103,88,97,106,91,95,111,101,116,101,95,,111,80,46,115,113
20250604,21,O3_24h,,,,,,,,,,,,,,,,,,,,,,,,,,,,,,,,,,,,,,,,,,,,,,,,,,,,,,,,,,,,,,,,,,,,,,,,,,,,,,,,,,,,,,,,,,,,,,,,,,,,,,,,,,,,,,,,,,,,,,,,,,,,,,,,,,,,,,,,,,,,,,,,,,,,,,,,,,,,,,,,,,,,,,,,,,,,,,,,,,,,,,,,,,,,,,,,,,,,,,,,,,,,,,,,,,,,,,,,,,,,,,,,,,,,,,,,,,,,,,,,,,,,,,,,,,,,,,,,,,,,,,,,,,,,,,,,,,,,,,,,,,,,,,,,,,,,,,,,,,,,,,,,,,,,,,,,,,,,,,,,,,,,,,,,,,,,,,,,,,,,,,,,,,,,,,,,,,,,,,,,,,,,,,,,,,,,,,,
20250604,21,O3_8h,119,130,145,132,112,172,143,107,100,133,134,130,169,154,118,111,109,114,118,228,218,191,253,152,221,201,224,211,212,205,195,199,216,160,150,152,152,183,204,153,130,193,164,145,193,123,128,124,150,126,219,232,177,80,52,42,106,54,56,63,48,151,140,89,114,138,118,81,118,148,120,129,160,108,164,131,119,123,123,100,119,115,125,211,137,157,129,139,212,113,142,201,156,146,104,135,80,123,91,73,37,118,62,63,99,115,129,102,72,217,117,180,182,132,100,106,107,107,109,109,94,77,98,191,225,160,180,186,213,210,184,157,129,176,169,164,122,133,118,138,63,123,143,95,102,131,125,118,94,89,137,165,153,110,172,134,140,149,115,114,,,,,,,,,,,,,,,,,,,,,,,,,,,,,,144,189,127,199,119,144,180,118,133,143,97,90,112,122,89,93,152,98,114,98,95,104,107,67,69,111,105,86,69,80,66,69,74,57,97,117,76,206,194,199,157,157,108,190,179,203,179,178,161,158,112,74,80,62,133,106,115,120,163,89,110,129,138,159,177,200,187,212,194,146,186,160,200,86,149,209,138,184,206,184,132,116,145,125,155,105,123,101,139,104,105,112,126,127,110,65,119,103,167,141,118,127,123,149,152,121,86,132,121,131,64,,97,92,105,119,120,114,100,88,,97,87,106,70,84,54,87,70,54,70,88,79,65,92,125,125,115,128,,159,101,89,142,90,127,115,123,136,151,121,,134,,116,,84,122,140,121,140,119,134,140,138,125,119,128,112,111,109,111,103,100,104,115,97,108,113,111,,134,129,77,125,144
20250604,21,O3_8h_24h,118,126,145,131,112,168,143,102,91,132,133,125,164,151,118,107,106,110,110,217,210,166,237,144,205,174,204,201,192,180,170,173,209,141,137,128,141,171,186,131,119,182,155,140,184,121,121,114,145,124,208,219,170,70,50,42,99,51,54,56,45,150,137,85,113,121,111,80,115,141,119,125,160,107,157,119,116,126,120,94,118,115,116,210,132,150,124,133,195,108,136,196,151,138,101,135,76,122,89,70,,118,51,63,93,115,128,102,72,201,117,180,176,132,90,104,104,101,109,104,92,64,93,171,217,146,165,186,197,194,167,149,129,173,162,160,109,123,117,133,61,116,141,94,99,122,115,118,93,83,135,156,152,109,167,132,140,148,114,114,,,,,,,,,,,,,,,,,,,,,,,,,,,,,,143,175,122,199,117,143,171,114,125,140,93,89,106,121,84,90,152,98,112,92,95,97,104,65,68,107,102,80,59,74,56,63,69,54,90,111,69,193,185,187,138,152,96,185,173,202,170,173,154,146,111,71,77,58,126,88,115,117,149,83,98,120,132,156,174,197,175,187,172,136,167,148,188,79,148,200,133,184,192,180,123,107,133,117,154,94,113,90,131,95,89,108,121,125,102,64,112,95,164,138,118,120,117,144,143,121,82,127,121,115,62,,93,92,103,118,107,110,100,81,,94,80,103,69,81,49,87,70,52,65,82,78,64,92,123,125,113,109,,159,101,89,142,90,113,115,123,132,150,119,,132,,115,,82,120,133,119,140,116,132,140,134,122,116,128,109,111,108,111,103,100,104,115,97,108,112,110,,132,118,50,138,141
20250604,21,CO,0.30,0.43,0.36,0.39,0.45,0.33,0.14,0.56,0.47,0.35,0.28,0.27,0.30,0.53,0.39,0.57,0.36,0.31,0.46,0.66,0.75,0.59,0.69,0.54,0.65,0.64,0.78,0.60,0.66,0.63,0.54,0.62,0.55,0.59,0.44,0.40,0.48,0.63,0.73,0.40,0.55,0.63,0.43,0.33,0.65,0.48,0.47,0.46,0.47,0.39,0.49,1.02,0.62,0.86,0.79,0.52,0.89,0.73,0.77,0.80,0.80,0.86,0.59,0.42,0.76,0.59,0.37,0.64,0.40,0.69,0.27,0.47,0.42,0.30,0.75,0.78,0.47,0.38,0.30,0.65,0.27,0.47,0.72,0.59,0.38,0.45,0.46,0.58,0.53,0.42,0.32,0.46,0.40,0.44,0.32,0.50,0.73,0.57,0.84,0.82,,0.60,0.95,0.93,0.68,0.80,0.74,0.70,0.50,0.70,0.47,0.57,0.60,0.54,0.76,0.64,0.48,0.62,0.60,0.42,0.28,0.44,0.35,0.67,0.87,0.80,0.48,0.40,0.52,0.45,0.48,0.53,0.53,0.67,0.63,0.50,0.30,0.57,0.80,0.56,0.30,0.56,0.72,0.80,0.40,0.40,0.75,0.50,0.56,0.75,0.55,0.45,0.37,0.37,0.55,0.40,0.23,0.38,0.23,0.23,,,,,,,,,,,,,,,,,,,,,,,,,,,,,,0.50,0.30,0.63,0.36,0.23,0.37,0.56,0.53,0.53,0.65,0.37,0.20,0.35,0.25,0.33,0.30,0.35,0.36,0.40,0.28,0.30,0.23,0.25,0.50,0.65,0.40,0.25,0.53,0.40,0.47,0.43,0.64,0.42,0.37,0.40,0.35,0.35,0.58,0.50,0.80,0.65,0.63,0.45,0.50,0.48,0.45,0.45,0.37,0.83,0.70,0.33,0.50,0.60,0.73,0.60,0.67,0.77,0.57,0.65,0.46,0.65,0.54,0.53,0.60,0.66,0.50,0.73,0.30,0.48,0.70,0.47,0.40,0.63,0.75,0.54,0.97,0.38,0.90,0.77,1.60,0.83,0.40,0.75,0.70,0.70,0.43,0.67,0.53,0.83,0.40,0.80,1.17,0.88,0.63,0.67,0.63,0.67,0.65,0.75,0.50,0.47,0.47,0.57,0.70,0.67,0.65,0.65,0.65,0.55,0.60,0.60,,0.55,0.67,0.40,0.43,0.60,0.50,0.25,0.50,,0.50,0.50,0.40,0.60,0.55,0.60,0.55,0.30,0.60,0.60,0.45,0.60,0.40,0.45,0.30,0.30,0.20,0.40,,0.45,0.35,0.63,0.43,0.70,0.65,0.40,0.35,0.30,0.40,0.70,,0.50,,0.55,,0.35,0.80,0.40,0.20,0.40,0.40,0.40,0.70,0.23,0.25,0.27,0.35,0.50,0.20,0.35,0.20,0.35,0.20,0.55,0.40,,0.20,0.30,0.35,,0.30,0.50,0.55,0.33,0.53
20250604,21,CO_24h,0.27,0.30,0.37,0.31,0.32,0.30,0.15,0.44,0.28,0.28,0.25,0.28,0.37,0.44,0.34,0.43,0.24,0.32,0.57,0.71,0.72,0.64,0.86,0.56,0.73,0.74,0.88,0.70,0.68,0.73,0.80,0.66,0.67,0.56,0.55,0.40,0.49,0.60,0.77,0.42,0.60,0.60,0.40,0.37,0.60,0.42,0.48,0.51,0.41,0.43,0.66,0.94,0.62,0.76,0.79,0.67,0.84,0.68,0.68,0.78,0.76,0.70,0.60,0.46,0.65,0.67,0.34,0.44,0.30,0.53,0.30,0.57,0.48,0.35,0.73,0.68,0.49,0.34,0.34,0.57,0.27,0.40,0.57,0.51,0.38,0.45,0.40,0.43,0.50,0.33,0.30,0.48,0.40,0.62,0.26,0.48,0.63,0.61,0.77,0.72,0.82,0.63,0.70,0.77,0.70,0.80,0.70,0.70,0.53,0.50,0.61,0.52,0.63,0.46,0.42,0.76,0.37,0.52,0.50,0.38,0.28,0.34,0.42,0.75,1.03,0.85,0.52,0.44,0.53,0.50,0.48,0.50,0.53,0.70,0.73,0.55,0.27,0.53,0.75,0.54,0.23,0.54,0.84,0.76,0.37,0.47,0.75,0.55,0.54,0.68,0.50,0.50,0.30,0.37,0.45,0.70,0.40,0.38,0.18,0.20,,,,,,,,,,,,,,,,,,,,,,,,,,,,,,0.47,0.40,0.63,0.52,0.17,0.23,0.50,0.43,0.37,0.50,0.33,0.20,0.30,0.22,0.27,0.20,0.30,0.28,0.32,0.22,0.27,0.25,0.30,0.40,0.70,0.40,0.30,0.47,0.43,0.37,0.33,0.65,0.33,0.37,0.35,0.30,0.35,0.55,0.42,0.87,0.87,0.50,0.35,0.50,0.44,0.43,0.45,0.50,0.88,0.60,0.47,0.63,0.63,0.73,0.50,0.55,0.97,0.93,0.65,0.46,0.65,0.54,0.55,0.67,0.82,0.57,0.63,0.45,0.58,0.50,0.43,0.33,0.78,0.55,0.58,1.00,0.44,0.70,0.87,1.00,1.07,0.33,0.70,0.75,0.70,0.40,0.57,0.47,0.85,0.40,0.60,0.80,0.70,0.53,0.53,0.60,0.60,0.55,0.80,0.50,0.63,0.47,0.68,1.00,0.63,0.75,0.55,0.50,0.60,0.55,0.60,,0.45,0.63,0.47,0.37,0.45,0.45,0.20,0.45,,0.40,0.55,0.30,0.65,0.50,0.60,0.55,0.30,0.50,0.55,0.45,0.60,0.45,0.35,0.30,0.30,0.15,0.30,,0.40,0.35,0.70,0.47,0.70,0.55,0.50,0.35,0.30,0.35,0.70,,0.50,,0.55,,0.35,0.50,0.40,0.20,0.40,0.40,0.40,0.60,0.33,0.30,0.27,0.45,0.40,0.30,0.35,0.30,0.30,0.25,0.55,0.45,0.10,0.40,0.25,0.35,,0.30,0.50,0.60,0.27,0.43
20250604,22,AQI,40,48,52,42,46,61,57,36,31,49,45,48,54,54,35,36,30,22,29,60,60,55,69,44,83,60,52,56,52,64,77,68,60,46,35,38,39,55,55,31,29,55,40,31,59,34,36,35,43,34,60,61,51,38,21,19,36,30,47,39,25,59,37,23,48,49,27,44,35,62,31,41,49,43,56,52,34,45,31,43,34,37,28,82,34,55,42,45,77,36,36,56,43,32,26,36,29,33,25,35,,31,39,52,31,41,34,37,22,83,43,74,66,51,41,41,41,33,34,27,38,25,27,55,60,37,58,79,69,85,49,62,49,56,44,55,35,33,31,52,20,45,38,35,29,35,46,43,44,43,63,56,34,33,50,79,47,51,33,57,,,,,,,,,,,,,,,,,,,,,,,,,,,,,,46,53,42,54,43,60,64,53,61,49,40,36,42,30,36,18,48,32,25,31,32,28,21,19,27,38,24,17,14,46,29,19,28,14,22,26,26,70,68,70,55,47,34,69,61,85,52,46,41,55,33,16,23,14,33,48,51,38,51,35,33,36,37,41,87,97,60,57,52,54,64,40,40,45,66,57,57,68,44,59,43,47,53,51,47,49,49,49,64,45,61,43,44,48,42,20,42,31,64,47,50,50,31,51,54,51,49,52,42,47,16,,28,25,33,49,35,41,33,29,,32,33,41,37,45,37,36,31,13,50,42,41,57,28,31,38,31,32,,49,31,51,34,52,41,33,39,91,56,49,,36,,46,,80,46,31,35,55,30,39,36,52,49,35,75,54,38,36,100,172,212,196,54,30,31,47,54,,43,48,26,72,57
20250604,22,PM2.5,15,15,17,17,15,11,17,13,15,17,20,17,15,25,16,18,12,12,12,38,37,32,50,7,32,29,29,32,36,44,30,30,23,28,17,14,22,35,35,10,16,30,22,10,38,13,18,20,14,8,24,40,30,21,11,6,20,18,30,23,16,36,26,10,29,30,13,24,9,21,21,17,14,21,40,35,13,15,13,14,9,10,14,31,9,15,17,16,30,17,8,30,17,8,11,7,19,12,14,18,,13,24,34,19,20,21,17,5,37,15,16,19,17,29,20,20,16,12,18,19,16,15,34,43,25,21,22,36,29,17,34,24,40,26,39,21,23,21,35,12,29,20,23,16,19,32,24,26,24,23,15,17,21,18,35,19,16,11,13,,,,,,,,,,,,,,,,,,,,,,,,,,,,,,32,16,22,14,14,22,26,25,17,22,28,22,25,15,24,8,10,10,10,14,16,17,10,10,13,6,9,12,5,27,16,10,17,10,10,10,10,47,39,25,32,28,21,50,29,42,31,24,23,39,12,11,7,6,21,18,27,23,25,20,19,22,22,20,37,29,21,19,16,21,29,16,20,29,32,34,29,38,29,41,30,25,37,36,27,34,34,31,46,20,24,30,26,26,24,9,28,21,46,28,33,25,17,33,33,31,15,33,22,30,,,7,13,19,34,12,21,18,20,,21,23,29,23,28,26,16,22,9,27,24,24,29,11,10,5,3,14,,3,7,27,8,23,15,10,27,42,20,13,,13,,21,,28,17,18,9,,20,3,13,12,12,20,31,12,14,17,60,97,162,97,21,8,14,28,13,,15,17,10,22,20
20250604,22,PM2.5_24h,7,9,15,11,12,9,10,6,9,12,13,11,16,11,10,7,9,12,16,45,37,37,44,26,36,34,36,37,36,42,41,36,39,29,22,18,26,36,32,18,18,26,25,12,35,15,12,17,9,10,19,41,35,15,8,10,16,12,19,13,10,19,20,15,24,32,13,11,8,16,15,20,12,16,37,27,9,7,8,9,7,11,13,23,9,11,11,12,31,7,7,28,12,13,5,7,17,6,13,12,11,7,18,16,15,11,11,9,5,34,9,13,11,15,10,8,8,9,11,19,9,13,15,35,41,27,16,18,31,24,17,18,14,32,32,29,16,29,20,27,10,22,24,18,10,23,30,32,17,16,20,18,8,15,17,27,19,8,13,10,,,,,,,,,,,,,,,,,,,,,,,,,,,,,,26,27,16,10,9,8,20,8,9,10,17,20,16,12,17,7,7,6,10,5,10,9,6,6,9,13,7,6,7,19,6,9,8,9,9,11,7,41,38,34,29,21,16,39,30,35,29,35,22,29,12,11,6,8,15,13,26,23,19,15,19,18,17,19,21,26,21,23,24,20,30,19,29,18,32,38,32,36,38,34,43,14,29,33,28,34,36,24,38,19,19,18,20,19,19,13,26,14,26,18,19,25,20,29,28,32,17,19,23,22,15,,9,11,13,19,10,16,15,14,,11,28,20,15,18,27,7,17,12,17,19,30,23,11,8,6,4,9,,6,5,25,9,21,13,14,15,15,16,14,,14,,18,,13,14,14,9,26,11,3,14,11,13,9,22,15,15,14,70,94,88,109,28,9,7,22,20,,16,12,18,16,18
20250604,22,PM10,40,48,53,42,46,71,64,36,31,49,45,48,57,57,35,36,27,22,29,53,69,59,82,44,115,69,53,61,53,78,103,69,70,46,35,38,39,59,60,31,29,59,40,31,67,23,36,35,43,24,70,71,52,38,21,14,36,30,47,39,25,68,37,17,48,49,27,44,19,73,31,41,49,43,56,54,34,45,25,43,19,19,26,114,34,59,42,45,104,36,36,62,43,32,19,18,29,26,25,35,,25,39,54,31,41,34,37,22,115,43,60,81,51,40,41,41,33,32,27,38,25,27,60,63,37,65,108,87,120,49,74,49,55,44,58,35,31,30,54,20,45,38,35,29,35,46,43,44,43,75,61,34,33,50,107,47,52,30,63,,,,,,,,,,,,,,,,,,,,,,,,,,,,,,44,55,42,57,43,70,77,55,72,49,38,36,42,29,36,14,42,31,23,31,27,28,21,19,27,38,19,16,12,46,29,19,28,7,22,26,26,90,86,90,59,47,34,72,71,119,53,46,41,59,22,13,23,12,33,48,52,38,52,35,33,36,37,41,123,144,70,63,54,58,77,40,40,45,82,64,63,86,44,68,40,47,54,47,47,43,46,49,54,45,71,43,44,48,42,20,42,31,53,47,50,50,31,51,58,51,49,53,42,47,,,28,25,33,41,35,41,33,25,,32,32,37,37,45,25,36,27,13,50,42,41,63,21,15,9,13,32,,9,10,51,22,53,41,25,38,131,62,49,,36,,46,,109,46,22,35,59,27,6,35,53,49,35,100,57,38,36,150,293,215,342,58,30,24,47,57,,43,48,26,93,63
20250604,22,PM10_24h,21,30,40,27,35,48,39,20,26,28,37,42,42,36,21,18,31,18,33,52,63,57,71,61,85,68,56,64,51,61,78,66,75,46,36,31,39,54,54,34,32,43,43,27,61,25,22,27,32,31,73,65,54,27,19,21,32,25,32,24,20,33,36,24,40,54,26,19,14,50,34,29,35,47,56,40,21,24,27,27,19,29,21,67,33,38,30,38,78,26,34,82,38,42,22,30,26,18,24,26,24,15,26,31,24,23,23,27,10,105,28,39,51,40,17,18,17,23,27,26,20,19,24,57,72,41,44,78,95,77,53,48,35,49,48,44,28,39,33,44,21,40,42,30,23,42,50,47,24,27,66,52,30,32,56,74,57,25,28,44,,,,,,,,,,,,,,,,,,,,,,,,,,,,,,39,66,26,55,39,29,68,20,50,31,22,32,23,22,20,21,26,17,17,17,20,14,15,11,19,21,13,13,14,23,13,15,13,9,17,21,14,78,70,77,63,33,26,57,65,82,55,62,35,45,22,15,14,13,31,29,36,35,36,24,31,33,33,38,69,97,66,74,61,54,85,47,55,37,64,63,52,57,53,46,56,32,47,44,38,44,47,37,54,31,38,47,46,32,27,24,37,25,40,35,35,44,28,45,53,53,43,36,31,35,15,,25,22,27,26,24,30,29,18,,22,55,36,22,57,50,15,24,23,44,33,58,55,32,11,13,14,21,,14,6,54,31,45,35,32,33,50,42,45,,41,,41,,30,30,24,22,30,14,8,26,37,54,25,80,44,36,30,180,222,192,375,66,24,27,46,49,,33,28,30,53,53
20250604,22,SO2,3,8,5,9,4,6,3,5,3,13,5,5,3,7,6,22,7,5,7,9,8,6,7,10,8,6,5,12,6,10,9,9,7,7,8,3,6,7,11,5,4,2,5,3,6,5,3,6,6,7,6,8,4,6,7,4,5,5,6,6,6,7,4,3,8,5,5,5,6,6,6,7,8,5,7,6,13,9,6,8,7,9,4,15,6,5,9,10,5,5,8,5,5,8,4,9,11,4,7,7,,3,4,6,8,5,4,5,4,6,10,11,8,9,26,11,8,7,23,5,5,7,7,7,6,8,10,4,10,11,5,10,9,7,8,5,5,7,6,8,2,6,8,9,9,7,5,6,5,6,5,6,4,7,5,30,7,10,8,6,,,,,,,,,,,,,,,,,,,,,,,,,,,,,,5,5,5,9,6,7,8,4,3,12,10,5,7,9,4,2,10,11,7,6,8,6,6,9,3,7,3,7,7,14,7,5,4,7,6,5,8,7,7,8,7,5,5,5,6,6,5,6,5,7,4,2,5,5,5,7,8,6,11,12,7,7,14,5,10,6,13,6,6,7,3,5,10,6,7,11,7,8,9,4,6,7,7,10,4,5,4,4,8,6,7,6,7,5,6,3,9,9,26,8,5,9,6,7,10,7,5,4,6,5,5,,3,11,9,9,3,5,2,2,,3,6,4,7,5,6,7,5,9,8,7,6,7,6,4,6,10,6,,7,5,5,9,7,9,15,10,10,7,12,,5,,8,,7,34,5,5,15,19,4,9,4,5,5,6,4,7,3,6,3,6,2,6,4,2,10,5,,5,5,6,8,6
20250604,22,SO2_24h,3,7,4,6,5,7,3,5,4,3,3,7,4,9,7,7,6,5,7,7,6,6,9,11,9,10,7,12,6,10,10,8,7,6,9,3,6,6,7,5,4,4,5,3,6,5,2,7,7,9,10,8,4,5,7,5,6,5,7,5,7,6,6,4,8,6,6,4,6,6,7,9,8,6,8,6,13,8,8,8,10,9,3,11,9,7,10,12,6,6,8,7,6,8,6,10,8,4,10,7,5,3,5,7,8,6,6,5,3,8,9,11,8,8,8,12,6,8,13,6,4,7,6,8,8,9,10,7,13,14,8,11,7,7,8,6,5,7,7,10,3,7,10,15,10,8,6,7,7,5,6,6,4,7,6,20,17,10,8,8,,,,,,,,,,,,,,,,,,,,,,,,,,,,,,5,6,5,10,9,7,8,5,5,19,7,4,7,11,5,3,10,7,6,6,7,5,4,8,5,6,4,7,7,14,6,6,5,9,5,5,8,8,7,9,11,6,5,6,7,6,6,9,5,7,3,3,4,5,5,8,8,9,18,5,10,8,7,13,10,8,9,10,6,8,5,6,10,7,8,10,8,8,9,4,8,6,7,11,8,10,6,4,10,6,7,4,9,6,4,4,9,8,7,9,8,9,7,10,13,8,7,5,6,6,6,,4,9,13,8,3,4,2,3,,5,6,4,8,5,3,9,8,6,8,7,8,8,6,4,6,10,7,,7,5,6,11,8,9,33,10,11,6,12,,7,,9,,6,11,8,5,13,19,4,10,5,10,5,7,4,8,2,4,4,6,2,6,3,2,10,7,,12,6,6,7,6
20250604,22,NO2,26,46,16,32,34,33,26,27,21,20,23,32,26,65,41,57,23,36,32,35,24,57,69,19,24,27,27,25,23,44,44,16,21,52,36,43,31,45,43,21,32,43,39,23,27,12,19,33,57,29,35,52,19,36,22,20,36,46,42,35,19,39,15,6,33,33,16,29,24,54,19,39,26,12,35,25,59,29,18,38,15,15,13,47,22,51,36,45,26,33,24,30,28,28,18,23,22,6,11,20,,11,38,23,17,12,14,23,10,43,27,17,33,51,35,33,48,33,23,34,14,22,15,61,26,29,24,18,56,36,18,48,33,40,38,16,18,15,9,27,7,28,21,26,13,16,35,14,18,16,35,31,47,28,26,15,27,45,8,25,,,,,,,,,,,,,,,,,,,,,,,,,,,,,,10,20,24,22,31,64,21,45,31,63,18,20,25,16,33,13,10,15,28,58,16,56,36,15,23,19,10,15,11,14,14,6,30,7,11,22,12,21,20,21,32,27,14,17,15,26,14,13,22,27,13,17,16,16,10,22,18,18,40,21,16,14,6,16,44,30,36,23,20,25,16,21,17,25,12,29,15,22,20,32,11,19,25,22,17,19,12,18,26,13,63,23,14,17,22,9,19,15,23,11,19,36,25,25,35,17,61,30,45,29,10,,21,17,11,10,20,14,9,20,,13,6,16,19,9,9,8,10,12,20,12,13,16,9,7,2,7,14,,3,3,30,18,16,34,13,19,14,17,38,,9,,6,,46,16,3,3,32,1,4,14,12,12,13,9,13,16,9,23,6,15,13,22,6,20,3,6,,14,75,4,32,41
20250604,22,NO2_24h,21,28,22,19,33,21,18,11,15,23,27,25,21,27,22,17,15,18,29,26,24,35,40,26,25,22,26,26,20,27,18,16,20,30,28,22,20,40,27,16,34,25,20,14,22,11,12,23,26,32,23,39,23,23,20,29,26,32,30,20,14,20,13,9,24,36,12,15,11,29,21,17,20,18,25,14,28,20,11,17,17,21,8,31,18,21,21,29,18,14,22,25,24,29,13,24,11,6,9,13,13,9,15,16,13,9,12,18,10,22,18,24,25,44,16,18,18,16,15,16,9,15,15,30,27,34,19,14,26,23,20,27,24,36,24,14,8,10,11,15,8,24,25,14,9,19,23,17,11,12,30,22,28,19,27,14,18,16,6,10,,,,,,,,,,,,,,,,,,,,,,,,,,,,,,9,18,15,25,22,23,18,17,26,17,8,8,13,13,9,15,7,13,12,19,12,15,14,10,11,15,6,9,11,6,5,5,10,10,7,20,5,16,14,17,26,26,7,10,11,16,15,13,13,15,10,9,7,13,10,14,10,11,13,9,9,8,7,17,23,29,25,23,19,27,22,15,18,14,16,31,19,13,17,15,17,11,14,15,15,13,11,12,18,10,17,17,18,14,12,9,11,12,22,9,25,22,16,27,38,19,31,12,22,20,10,,14,13,12,8,13,11,11,12,,9,6,9,10,7,7,8,9,12,10,7,9,9,7,4,4,5,11,,5,4,18,33,12,20,16,18,14,8,18,,11,,10,,10,6,6,3,12,2,9,3,21,19,11,15,16,11,10,22,5,14,9,19,6,9,6,8,,15,27,5,22,30
20250604,22,O3,97,80,127,106,89,118,115,58,44,107,108,93,124,71,73,58,95,67,68,168,145,96,121,106,157,123,144,160,133,111,89,174,145,59,80,61,73,103,127,96,68,102,84,98,120,109,85,62,70,108,138,105,132,27,45,61,34,19,29,24,37,81,118,72,73,72,56,47,113,71,99,72,126,87,106,61,61,100,98,50,110,117,88,141,108,88,70,73,158,72,98,112,109,92,83,115,38,104,67,47,,98,16,70,57,99,105,87,63,127,88,179,104,98,47,72,50,54,110,67,82,36,77,65,120,78,118,145,112,127,123,93,85,97,85,124,49,73,99,79,55,67,96,57,80,100,68,98,49,54,88,99,78,64,106,101,113,88,104,97,,,,,,,,,,,,,,,,,,,,,,,,,,,,,,129,120,71,158,71,41,137,46,76,44,77,65,86,95,38,59,152,102,81,41,102,48,56,15,25,79,76,50,45,31,22,35,27,42,59,80,25,159,136,140,67,104,35,143,154,150,120,138,74,69,104,42,40,46,78,33,76,88,62,46,50,68,103,121,119,151,126,118,105,107,133,111,121,38,131,117,107,127,115,91,113,47,82,76,131,39,84,43,74,42,5,88,102,98,55,53,55,57,122,133,89,60,83,87,74,95,23,80,43,72,51,,61,63,91,98,45,88,70,39,,54,41,81,48,44,42,71,59,41,32,63,34,31,88,100,121,98,,,157,99,45,108,37,60,106,100,107,122,64,,107,,110,,6,90,100,91,,97,125,115,102,110,91,108,88,90,95,84,96,85,89,96,90,100,98,93,,111,13,39,100,97
20250604,22,O3_24h,,,,,,,,,,,,,,,,,,,,,,,,,,,,,,,,,,,,,,,,,,,,,,,,,,,,,,,,,,,,,,,,,,,,,,,,,,,,,,,,,,,,,,,,,,,,,,,,,,,,,,,,,,,,,,,,,,,,,,,,,,,,,,,,,,,,,,,,,,,,,,,,,,,,,,,,,,,,,,,,,,,,,,,,,,,,,,,,,,,,,,,,,,,,,,,,,,,,,,,,,,,,,,,,,,,,,,,,,,,,,,,,,,,,,,,,,,,,,,,,,,,,,,,,,,,,,,,,,,,,,,,,,,,,,,,,,,,,,,,,,,,,,,,,,,,,,,,,,,,,,,,,,,,,,,,,,,,,,,,,,,,,,,,,,,,,,,,,,,,,,,,,,,,,,,,,,,,,,,,,,,,,,,,,,,,,,,,
20250604,22,O3_8h,119,130,146,132,112,172,143,107,100,133,134,130,169,154,118,111,109,114,118,228,218,191,253,152,221,201,224,211,212,205,195,199,216,160,150,152,152,183,204,153,130,193,164,145,193,123,128,124,150,126,219,232,177,80,52,46,106,54,56,63,49,151,140,89,115,138,118,81,120,148,120,129,161,108,164,131,119,123,123,100,119,116,125,211,137,157,129,139,212,113,142,201,156,146,104,135,80,123,91,73,37,118,62,64,99,115,129,103,72,217,117,184,182,132,100,106,107,107,110,109,94,77,98,191,225,160,180,187,213,210,184,157,129,176,170,164,122,133,118,138,63,123,143,95,102,131,125,118,94,89,137,165,153,110,172,134,140,149,115,114,,,,,,,,,,,,,,,,,,,,,,,,,,,,,,144,189,127,199,119,145,180,108,133,143,97,90,112,123,89,93,154,100,114,98,97,104,107,67,69,111,105,86,69,80,66,69,74,57,97,117,76,206,194,199,157,157,108,190,179,203,179,178,161,158,112,74,80,62,133,106,115,120,163,89,110,129,138,159,177,200,187,212,194,146,186,160,200,86,149,209,138,184,206,184,132,116,145,125,155,105,123,101,139,104,105,112,126,127,110,65,119,103,167,141,118,127,123,149,152,121,86,132,121,131,64,,97,93,105,119,120,114,100,88,,97,87,106,70,84,54,87,71,54,70,88,79,65,92,125,126,115,128,,159,101,89,142,90,127,115,123,136,151,121,,134,,116,,84,122,140,121,140,119,134,140,138,125,119,128,112,111,109,111,103,100,104,115,97,108,113,111,,134,129,77,125,144
20250604,22,O3_8h_24h,117,122,144,130,110,162,141,96,84,129,130,121,158,143,113,102,105,104,103,209,199,154,219,139,196,162,192,193,179,168,156,168,199,129,126,116,133,161,175,121,104,170,144,135,173,119,114,105,136,123,196,204,163,64,48,46,90,48,51,50,43,143,134,83,110,109,103,78,114,132,116,119,160,105,149,112,109,124,118,88,117,116,110,204,129,141,118,127,187,103,132,188,146,131,98,133,72,119,86,65,,118,45,64,87,114,125,101,72,189,114,183,164,128,83,100,98,95,109,100,90,58,90,153,204,134,155,183,183,185,157,139,127,166,155,154,100,117,116,126,60,106,135,91,97,117,108,114,88,78,131,145,142,105,159,128,137,142,113,111,,,,,,,,,,,,,,,,,,,,,,,,,,,,,,141,164,115,193,112,136,165,109,118,128,90,85,103,122,77,86,154,100,108,85,96,90,98,61,64,104,98,76,56,67,51,58,64,52,85,106,62,185,178,179,126,144,86,177,170,197,162,167,142,133,110,67,73,57,120,77,111,113,136,76,90,112,126,150,168,192,167,172,159,130,159,141,177,73,146,187,129,179,179,172,120,97,124,111,151,85,108,83,124,86,81,104,117,122,95,62,105,89,159,137,116,111,110,134,128,119,76,119,114,107,60,,88,91,102,115,96,107,99,74,,88,73,98,67,78,47,86,71,51,60,78,73,61,92,120,126,111,109,,157,100,87,138,85,103,114,120,129,146,112,,129,,114,,71,117,128,115,140,113,132,138,129,120,113,125,106,108,106,109,103,100,102,114,96,108,110,108,,129,103,49,135,136
20250604,22,CO,0.31,0.46,0.34,0.41,0.47,0.30,0.15,0.58,0.40,0.35,0.28,0.25,0.27,0.54,0.41,0.55,0.33,0.32,0.46,0.65,0.71,0.63,0.74,0.47,0.67,0.66,0.78,0.63,0.66,0.72,0.52,0.62,0.60,0.60,0.45,0.40,0.51,0.60,0.82,0.38,0.65,0.63,0.40,0.37,0.66,0.42,0.50,0.54,0.54,0.42,0.52,1.08,0.60,0.83,0.79,0.53,0.83,0.65,0.77,0.80,0.74,0.90,0.57,0.40,0.84,0.65,0.39,0.64,0.43,0.67,0.30,0.50,0.46,0.27,0.72,0.87,0.52,0.48,0.32,0.70,0.27,0.55,0.67,0.51,0.37,0.45,0.58,0.48,0.50,0.38,0.32,0.50,0.42,0.46,0.28,0.50,0.77,0.57,0.82,0.78,,0.55,0.95,0.93,0.70,0.90,0.68,0.75,0.50,0.70,0.49,0.55,0.63,0.60,0.62,0.86,0.60,0.63,0.62,0.43,0.30,0.46,0.35,0.68,0.83,0.88,0.48,0.42,0.62,0.55,0.48,0.60,0.55,0.80,0.68,0.57,0.15,0.57,0.75,0.64,0.30,0.56,0.72,0.86,0.30,0.43,0.80,0.50,0.62,0.68,0.60,0.50,0.40,0.36,0.50,0.70,0.33,0.48,0.24,0.27,,,,,,,,,,,,,,,,,,,,,,,,,,,,,,0.50,0.40,0.63,0.45,0.25,0.53,0.58,0.55,0.43,0.80,0.40,0.30,0.35,0.25,0.27,0.25,0.35,0.30,0.40,0.25,0.30,0.20,0.30,0.50,0.70,0.40,0.25,0.53,0.45,0.53,0.63,0.60,0.40,0.37,0.35,0.40,0.35,0.60,0.48,0.83,0.65,0.63,0.45,0.53,0.48,0.43,0.47,0.40,0.83,0.70,0.33,0.63,0.63,0.60,0.55,0.57,0.82,0.73,0.68,0.46,0.70,0.54,0.53,0.63,0.78,0.48,0.67,0.32,0.44,0.45,0.38,0.37,0.65,0.70,0.58,0.87,0.45,0.90,0.73,1.40,0.83,0.40,0.85,0.75,0.80,0.47,0.67,0.50,0.82,0.35,0.87,1.10,0.73,0.60,0.63,0.63,0.70,0.65,0.80,0.50,0.53,0.47,0.57,0.72,0.77,0.73,0.60,0.65,0.50,0.67,0.60,,0.55,0.70,0.42,0.40,0.50,0.40,0.20,0.50,,0.60,0.55,0.30,0.55,0.55,0.60,0.60,0.33,0.55,0.75,0.45,0.75,0.55,0.45,0.35,0.30,0.20,0.40,,0.40,0.35,0.70,0.40,0.70,0.55,0.40,0.40,0.40,0.40,1.60,,0.45,,0.55,,0.55,1.30,0.40,0.20,0.30,0.50,0.40,0.80,0.23,0.25,0.25,0.35,0.50,0.25,0.30,0.30,0.35,0.25,0.55,0.50,0.10,0.30,0.25,0.35,,0.30,0.50,0.50,0.33,0.50
20250604,22,CO_24h,0.27,0.30,0.37,0.32,0.32,0.32,0.15,0.44,0.30,0.28,0.25,0.28,0.30,0.44,0.35,0.43,0.24,0.32,0.56,0.71,0.72,0.64,0.86,0.56,0.73,0.74,0.87,0.70,0.68,0.73,0.78,0.66,0.67,0.56,0.55,0.40,0.50,0.60,0.77,0.40,0.60,0.60,0.40,0.33,0.60,0.42,0.48,0.51,0.41,0.42,0.64,0.96,0.63,0.76,0.79,0.67,0.84,0.68,0.68,0.78,0.76,0.70,0.59,0.48,0.65,0.67,0.34,0.46,0.30,0.54,0.30,0.60,0.48,0.35,0.73,0.68,0.49,0.34,0.34,0.57,0.27,0.40,0.57,0.51,0.38,0.45,0.40,0.45,0.50,0.33,0.32,0.48,0.42,0.60,0.28,0.48,0.63,0.61,0.77,0.74,0.82,0.63,0.70,0.77,0.70,0.80,0.70,0.70,0.53,0.50,0.69,0.52,0.68,0.46,0.44,0.76,0.38,0.52,0.50,0.40,0.28,0.34,0.40,0.75,1.03,0.85,0.52,0.44,0.53,0.52,0.46,0.50,0.53,0.70,0.73,0.55,0.27,0.53,0.75,0.54,0.23,0.54,0.84,0.76,0.33,0.47,0.75,0.55,0.54,0.68,0.50,0.50,0.30,0.37,0.45,0.70,0.40,0.38,0.18,0.20,,,,,,,,,,,,,,,,,,,,,,,,,,,,,,0.47,0.40,0.63,0.54,0.17,0.27,0.50,0.43,0.37,0.50,0.33,0.20,0.30,0.22,0.27,0.20,0.30,0.30,0.32,0.22,0.27,0.25,0.30,0.40,0.70,0.40,0.30,0.47,0.43,0.37,0.33,0.65,0.33,0.37,0.35,0.30,0.35,0.57,0.46,0.87,0.87,0.53,0.35,0.53,0.42,0.43,0.45,0.50,0.85,0.60,0.45,0.60,0.63,0.70,0.50,0.57,0.97,0.88,0.65,0.46,0.65,0.54,0.53,0.67,0.82,0.55,0.63,0.42,0.58,0.50,0.43,0.33,0.78,0.55,0.58,0.97,0.44,0.70,0.87,1.00,1.07,0.33,0.70,0.75,0.70,0.40,0.57,0.43,0.85,0.40,0.60,0.80,0.70,0.53,0.53,0.60,0.60,0.55,0.80,0.50,0.63,0.47,0.68,0.98,0.63,0.75,0.55,0.50,0.60,0.55,0.60,,0.45,0.63,0.47,0.37,0.45,0.45,0.20,0.45,,0.40,0.55,0.30,0.65,0.50,0.60,0.55,0.30,0.50,0.55,0.45,0.60,0.45,0.35,0.30,0.30,0.15,0.30,,0.40,0.35,0.67,0.47,0.70,0.55,0.50,0.35,0.30,0.35,0.70,,0.50,,0.55,,0.35,0.60,0.40,0.20,0.40,0.40,0.40,0.60,0.33,0.30,0.27,0.45,0.40,0.30,0.35,0.30,0.30,0.20,0.55,0.45,0.10,0.40,0.25,0.35,,0.30,0.50,0.60,0.27,0.43
20250604,23,AQI,42,46,53,44,53,60,54,36,33,50,44,42,52,58,45,39,29,23,28,58,56,59,69,37,88,59,52,59,55,64,72,90,63,50,33,32,39,58,52,37,28,54,37,30,54,30,34,35,41,34,63,64,51,39,24,20,35,21,49,37,28,59,40,22,51,53,28,45,30,57,30,33,48,47,56,52,37,48,30,48,36,36,28,71,38,51,48,50,79,39,41,55,42,30,25,32,28,32,21,40,,28,35,53,34,32,35,68,17,84,51,66,59,61,35,51,40,34,33,22,36,25,28,55,65,39,52,77,79,86,50,60,51,56,48,58,32,31,31,57,26,47,41,37,34,39,51,40,39,35,53,56,38,28,36,79,54,60,33,65,,,,,,,,,,,,,,,,,,,,,,,,,,,,,,46,60,45,61,58,49,72,37,55,47,42,42,41,31,31,18,48,31,50,25,29,24,26,18,27,29,22,19,14,42,38,15,30,17,17,23,19,68,66,70,54,47,37,66,60,77,52,48,41,54,32,22,23,15,32,42,49,40,51,35,33,40,38,40,89,84,64,63,46,52,60,49,38,41,58,56,55,66,44,63,43,48,55,60,49,53,54,49,61,33,65,48,39,49,40,18,48,32,59,55,48,52,31,53,56,53,45,50,37,45,11,,26,26,32,39,38,42,27,27,,33,39,37,38,41,36,32,28,15,50,42,46,56,27,26,38,29,27,,56,27,51,32,47,36,29,46,77,58,56,,34,,42,,101,42,26,32,35,31,38,33,50,50,27,71,60,42,36,121,150,306,181,59,27,28,44,64,,41,36,25,65,56
20250604,23,PM2.5,14,15,21,14,15,12,16,12,14,18,16,13,16,24,19,16,11,13,12,41,36,38,50,5,38,33,29,35,39,46,30,52,28,30,16,14,22,38,30,10,15,29,21,10,38,14,18,20,12,7,24,46,33,21,12,7,18,13,34,22,16,37,27,11,30,34,14,25,9,18,19,17,12,21,40,33,14,12,14,14,9,11,14,20,6,14,16,21,30,16,10,27,17,8,6,6,18,11,12,18,,12,24,37,20,18,20,19,8,30,18,17,15,19,17,24,23,16,13,14,17,17,15,36,47,27,20,24,36,29,19,29,20,40,27,41,21,22,22,36,15,30,21,24,17,19,34,28,25,19,20,20,21,19,12,41,22,16,11,12,,,,,,,,,,,,,,,,,,,,,,,,,,,,,,31,24,25,17,16,14,28,11,16,20,26,25,16,15,18,8,9,8,13,15,12,17,12,8,9,6,11,13,7,25,17,7,17,12,7,8,10,45,41,29,28,33,23,48,28,39,34,26,23,38,10,9,8,4,22,21,30,26,23,20,18,23,23,20,41,28,21,22,17,20,25,17,17,28,33,38,32,43,29,45,30,28,39,43,34,37,38,27,44,18,27,27,23,26,26,9,33,22,40,29,31,20,22,35,40,31,16,32,26,31,,,7,13,17,27,17,22,16,19,,21,27,26,21,21,25,15,19,10,27,26,25,30,11,11,5,3,11,,3,7,26,8,22,17,13,26,32,25,15,,12,,18,,34,17,14,9,3,22,3,14,11,15,18,32,18,16,25,77,95,256,92,25,3,6,26,34,,16,11,11,22,19
20250604,23,PM2.5_24h,7,9,15,11,12,9,10,6,9,13,13,11,15,11,10,8,9,12,16,45,37,37,44,25,36,33,35,37,36,42,40,37,38,29,22,18,25,36,32,17,18,26,25,12,36,15,13,17,9,10,20,41,35,15,8,10,16,12,20,14,11,19,21,15,24,32,13,12,8,16,15,20,12,17,37,27,9,7,8,8,8,11,13,22,9,11,11,12,31,7,7,29,12,12,5,7,17,6,13,13,11,7,19,16,16,12,12,10,5,34,9,13,11,15,11,9,9,10,11,19,9,13,15,35,41,27,16,18,31,24,17,18,14,32,32,29,16,29,21,28,10,22,24,18,11,22,31,32,17,16,20,18,9,16,16,28,19,8,12,10,,,,,,,,,,,,,,,,,,,,,,,,,,,,,,26,26,16,11,9,8,20,8,9,11,16,21,16,12,17,7,7,6,10,6,10,9,7,6,9,13,7,7,7,20,6,9,8,10,9,11,7,41,38,34,29,22,16,40,29,35,29,34,22,30,13,10,6,8,15,14,26,23,20,15,19,19,17,20,22,26,21,23,23,20,29,18,29,18,32,38,31,37,38,34,42,14,29,33,28,35,36,24,38,19,20,18,21,20,20,13,26,15,26,19,20,25,20,29,29,32,17,20,23,23,15,,9,12,13,19,10,16,15,15,,11,28,20,15,18,26,8,17,11,17,19,30,24,10,8,6,4,8,,5,5,24,9,21,13,14,16,16,16,14,,14,,18,,14,14,14,9,25,11,3,13,12,13,9,23,15,15,14,68,95,96,109,28,8,7,22,21,,16,13,18,16,18
20250604,23,PM10,42,46,56,44,55,70,58,36,33,50,44,42,53,66,45,39,24,23,28,51,62,68,83,37,126,67,53,68,55,78,94,88,75,50,33,32,39,66,54,37,28,58,37,30,58,25,34,35,41,20,76,72,52,39,24,15,35,21,46,37,28,67,40,17,51,56,28,45,21,64,28,33,48,47,58,53,37,48,22,48,16,27,23,91,38,51,48,50,107,39,41,60,42,27,19,21,28,26,18,40,,16,35,51,34,31,35,86,17,118,51,59,67,72,35,51,40,34,30,22,36,25,28,60,69,38,54,103,107,121,50,69,51,58,48,56,32,27,29,64,26,47,41,37,34,39,51,39,39,35,56,61,38,28,36,107,58,69,33,80,,,,,,,,,,,,,,,,,,,,,,,,,,,,,,46,70,45,72,65,49,93,37,60,47,42,42,41,25,31,15,41,23,50,25,24,23,26,18,27,29,19,17,13,42,38,15,30,8,17,22,19,85,81,89,58,47,37,69,69,103,53,48,41,51,22,22,23,14,32,42,49,40,52,35,33,40,38,40,128,117,77,76,46,53,70,49,38,41,66,62,60,82,44,61,41,48,59,51,46,48,49,49,67,33,79,48,39,49,40,18,48,32,68,60,48,54,31,55,55,55,45,50,36,45,,,26,26,32,35,38,42,27,25,,33,31,33,38,41,26,32,28,15,50,42,46,61,20,15,7,14,27,,11,14,52,20,47,36,24,46,103,65,61,,34,,42,,151,42,26,32,35,26,6,31,50,50,27,91,70,42,32,192,249,185,312,68,27,28,44,77,,41,36,25,80,61
20250604,23,PM10_24h,22,30,40,27,35,48,40,20,26,29,36,41,41,37,22,19,30,18,33,51,63,56,72,59,86,68,56,65,52,62,78,67,74,45,36,31,39,55,54,34,32,44,43,28,61,25,23,28,32,31,73,65,54,28,19,21,32,24,33,25,20,35,36,24,41,54,25,20,14,50,34,29,34,48,56,40,22,25,26,28,18,28,22,67,33,38,30,38,79,27,34,83,38,40,21,30,26,19,23,27,24,15,27,33,25,24,24,30,11,103,29,40,51,40,18,19,18,23,26,26,20,20,25,56,71,41,45,77,95,79,53,49,36,49,48,44,28,38,33,45,21,41,41,30,24,41,50,47,25,27,65,51,30,31,55,75,56,26,29,46,,,,,,,,,,,,,,,,,,,,,,,,,,,,,,39,65,27,57,40,29,70,20,50,32,23,32,24,22,21,21,27,17,18,18,20,15,16,12,20,22,14,14,14,24,14,15,13,8,17,21,14,78,71,77,63,34,27,58,64,83,54,61,36,45,22,15,14,13,31,29,36,35,37,25,31,34,33,39,71,97,67,74,59,55,82,47,55,37,64,64,53,58,53,46,55,32,48,44,39,44,47,38,54,31,39,48,46,34,28,24,37,26,42,36,36,45,28,46,53,53,43,37,31,35,15,,26,22,27,27,24,30,29,18,,23,55,36,23,57,49,16,24,22,45,33,56,55,32,11,13,13,20,,14,6,53,31,45,35,32,33,53,43,45,,41,,40,,35,30,23,22,30,14,8,26,38,54,25,82,45,36,30,176,223,193,373,67,23,26,46,50,,34,28,30,53,53
20250604,23,SO2,3,9,9,12,6,8,4,5,3,22,5,5,3,8,7,21,7,6,7,9,6,6,7,8,9,6,5,10,6,11,9,9,7,7,8,3,6,7,11,5,4,3,5,3,6,6,2,6,6,7,8,8,4,6,6,4,5,5,6,6,6,6,4,3,7,5,5,5,6,6,6,8,7,5,7,7,13,10,6,8,8,9,4,12,6,6,11,13,6,5,9,5,5,9,5,9,8,4,8,13,,3,4,6,8,4,4,4,4,7,9,10,8,10,20,21,8,7,15,5,4,7,7,7,6,8,11,4,11,13,6,8,9,7,7,5,5,8,6,10,3,6,9,8,9,8,6,6,5,5,5,5,4,6,5,14,5,12,7,7,,,,,,,,,,,,,,,,,,,,,,,,,,,,,,5,4,5,10,7,6,8,4,3,16,9,5,11,9,5,2,11,14,11,7,7,6,4,10,3,7,4,7,7,14,10,4,4,8,6,4,8,7,7,9,7,5,5,6,6,5,5,6,4,6,4,3,4,3,5,4,9,6,10,6,7,7,17,8,11,6,11,7,7,7,3,6,9,6,7,10,6,9,10,3,7,7,6,9,4,5,4,3,7,6,7,6,6,5,9,3,10,8,13,8,6,9,6,7,9,7,6,4,6,5,6,,4,9,8,8,2,5,2,2,,3,5,4,7,5,5,7,5,8,8,7,6,8,6,4,6,10,7,,7,5,5,10,6,10,15,11,10,10,10,,5,,8,,7,16,7,5,15,19,5,10,3,5,5,6,4,7,3,5,8,6,1,6,4,2,9,5,,4,5,6,8,6
20250604,23,SO2_24h,3,7,4,6,5,7,3,5,4,4,3,7,4,9,7,7,6,5,7,7,6,6,9,11,9,10,7,12,6,10,10,8,7,6,9,3,6,6,8,5,4,4,5,3,6,5,2,7,7,9,9,8,4,5,7,5,6,5,7,5,7,6,6,3,8,6,6,4,6,6,7,9,8,6,8,6,13,8,8,8,10,9,3,11,9,7,10,12,6,6,8,7,6,8,6,10,8,4,10,7,5,3,5,7,8,6,5,5,3,8,10,11,8,8,9,12,6,8,13,6,4,7,6,8,8,10,9,6,13,14,8,11,7,7,8,6,5,7,7,10,3,7,10,15,10,8,6,7,7,5,6,6,4,7,6,19,17,10,8,8,,,,,,,,,,,,,,,,,,,,,,,,,,,,,,5,6,5,10,8,7,8,5,5,19,7,4,8,11,5,3,10,7,6,6,7,5,4,8,5,6,4,7,7,14,6,6,5,9,6,5,8,7,7,9,11,6,5,6,7,5,6,9,5,7,3,3,4,5,5,7,8,9,18,6,10,8,7,13,11,8,10,10,6,8,5,6,10,7,8,10,8,8,9,4,8,6,7,11,8,10,6,4,10,6,7,4,8,6,4,4,9,8,8,9,8,9,7,10,13,8,7,5,6,6,6,,4,9,13,8,3,4,2,3,,5,6,4,8,5,3,8,8,6,8,7,8,8,6,4,6,10,7,,7,5,6,11,9,9,33,10,11,6,12,,7,,9,,6,11,7,5,13,19,4,10,5,9,5,7,4,8,2,4,5,6,2,6,3,2,10,7,,11,6,6,7,6
20250604,23,NO2,26,37,16,32,40,28,26,28,27,21,25,31,27,51,50,55,23,43,32,38,26,54,90,23,23,27,29,25,34,34,37,16,22,61,38,47,34,56,45,24,24,47,28,31,23,17,19,35,53,26,34,52,24,39,14,17,37,39,43,35,14,40,19,6,38,48,17,35,21,45,17,37,22,18,30,23,43,33,19,43,13,16,12,40,29,54,44,46,19,33,23,35,27,22,18,21,20,7,10,22,,12,25,20,18,8,13,26,11,31,35,15,27,78,31,35,42,31,25,28,10,18,12,59,27,32,23,24,62,33,24,54,41,41,39,19,12,14,10,40,12,30,22,26,16,17,37,16,19,16,33,53,55,23,21,17,49,61,6,41,,,,,,,,,,,,,,,,,,,,,,,,,,,,,,13,24,20,27,37,53,21,34,34,64,16,24,21,14,32,11,9,17,43,49,17,46,43,13,21,15,10,13,11,12,16,5,26,12,11,24,6,20,17,22,31,32,13,14,13,26,15,13,30,30,14,18,18,11,9,20,16,24,40,25,19,13,12,22,48,28,35,30,20,19,16,20,19,24,11,38,17,21,17,28,11,21,36,29,50,21,25,31,26,9,58,16,13,19,20,10,18,21,35,14,23,36,39,28,41,21,58,21,38,32,13,,25,21,8,8,20,16,9,18,,14,5,15,18,9,8,7,10,12,16,10,10,17,7,14,1,8,11,,6,4,20,20,12,44,44,25,18,16,57,,8,,5,,57,10,22,4,25,4,2,3,10,18,16,9,8,15,10,34,6,21,11,25,11,21,7,12,,11,64,4,35,40
20250604,23,NO2_24h,21,28,22,19,32,21,19,11,15,23,26,24,21,28,23,19,16,19,29,26,23,35,41,26,25,22,25,26,20,27,18,16,19,31,27,23,21,40,28,16,33,26,20,14,21,11,12,24,27,32,24,39,23,24,20,29,27,32,30,21,14,21,13,9,24,36,12,16,11,29,21,18,18,17,25,14,29,20,11,17,17,21,8,31,19,22,21,30,18,15,21,25,23,28,13,24,11,6,9,14,13,9,16,17,13,9,12,18,10,22,18,24,24,44,16,18,19,17,15,17,10,16,14,29,26,33,19,15,27,23,20,28,24,36,24,14,8,10,10,16,9,23,25,14,10,18,24,17,11,12,29,23,28,19,27,13,20,17,6,11,,,,,,,,,,,,,,,,,,,,,,,,,,,,,,10,18,16,25,23,24,18,18,26,19,9,9,13,13,11,14,7,13,14,21,12,16,16,10,11,15,6,10,11,6,5,5,10,10,7,20,6,16,14,17,26,24,7,11,11,16,15,13,13,15,10,10,7,13,10,13,10,11,14,9,9,8,8,16,23,29,25,23,19,27,21,15,18,14,16,31,19,14,17,15,17,11,15,16,16,13,12,13,18,9,17,16,18,14,12,9,12,12,22,9,24,22,17,26,37,19,32,13,22,20,10,,14,13,12,8,13,11,11,12,,9,6,10,10,7,7,8,9,12,10,7,10,9,7,5,4,5,10,,5,4,17,32,12,20,17,17,14,9,20,,11,,9,,12,7,6,3,12,2,7,3,19,18,11,15,14,10,10,21,4,15,9,19,5,9,6,8,,15,27,5,23,30
20250604,23,O3,87,81,118,98,73,121,100,49,35,106,101,88,114,75,53,54,92,55,64,135,127,91,75,97,156,113,132,154,113,122,96,192,138,41,75,50,62,73,104,78,74,87,90,78,116,96,79,51,70,108,121,95,115,18,69,64,26,17,21,22,56,55,112,71,56,51,51,33,96,56,97,67,105,77,96,59,71,85,95,33,115,116,89,105,96,80,59,66,154,67,102,92,103,95,81,103,30,101,66,45,,88,18,64,46,102,99,75,51,159,65,173,98,56,49,67,48,51,107,71,88,33,77,63,109,71,104,121,93,123,113,57,60,91,58,117,59,68,87,54,41,59,83,40,75,92,62,94,39,42,70,58,57,63,92,78,72,66,100,72,,,,,,,,,,,,,,,,,,,,,,,,,,,,,,117,99,72,145,56,39,128,58,66,42,76,54,92,99,35,57,154,98,58,54,94,55,43,10,15,82,70,54,46,24,18,33,31,33,55,74,34,150,140,132,69,84,28,136,158,138,107,132,50,52,102,38,32,49,78,28,66,64,47,35,40,55,89,106,95,147,123,99,107,106,124,111,104,35,117,82,102,150,107,82,110,39,47,49,78,33,52,27,54,43,1,97,102,92,50,48,52,41,87,118,78,52,64,80,54,81,23,85,44,58,36,,49,53,93,93,37,81,72,40,,41,39,78,46,37,31,71,56,39,27,64,29,23,87,84,120,94,,,165,87,42,102,30,42,92,82,93,120,33,,110,,113,,3,82,60,79,71,87,120,106,100,93,83,100,96,85,91,70,94,75,93,75,75,84,91,80,,114,18,35,85,76
20250604,23,O3_24h,,,,,,,,,,,,,,,,,,,,,,,,,,,,,,,,,,,,,,,,,,,,,,,,,,,,,,,,,,,,,,,,,,,,,,,,,,,,,,,,,,,,,,,,,,,,,,,,,,,,,,,,,,,,,,,,,,,,,,,,,,,,,,,,,,,,,,,,,,,,,,,,,,,,,,,,,,,,,,,,,,,,,,,,,,,,,,,,,,,,,,,,,,,,,,,,,,,,,,,,,,,,,,,,,,,,,,,,,,,,,,,,,,,,,,,,,,,,,,,,,,,,,,,,,,,,,,,,,,,,,,,,,,,,,,,,,,,,,,,,,,,,,,,,,,,,,,,,,,,,,,,,,,,,,,,,,,,,,,,,,,,,,,,,,,,,,,,,,,,,,,,,,,,,,,,,,,,,,,,,,,,,,,,,,,,,,,,
20250604,23,O3_8h,120,130,146,132,112,172,143,107,100,133,134,130,169,154,118,111,109,114,118,228,218,191,253,152,221,201,224,211,212,205,195,199,216,160,150,152,152,183,204,153,130,193,164,145,193,123,128,124,150,126,219,232,177,80,53,50,106,54,56,63,50,151,140,89,115,138,118,81,120,148,120,129,162,108,164,131,119,123,123,100,120,117,125,211,137,157,129,139,212,113,142,201,156,146,104,135,80,123,91,73,36,118,62,65,99,115,129,103,72,217,117,186,182,132,100,106,107,107,110,109,94,77,98,191,225,160,180,187,213,210,184,157,129,176,170,164,122,133,118,138,63,123,143,95,102,131,125,118,94,89,137,165,153,110,172,134,140,149,115,114,,,,,,,,,,,,,,,,,,,,,,,,,,,,,,144,189,127,199,119,145,180,107,133,143,97,90,112,124,89,93,156,100,114,98,97,104,107,67,69,111,105,86,69,80,66,69,74,57,97,117,76,206,194,199,157,157,108,190,179,203,179,178,161,158,112,74,80,62,133,106,115,120,163,89,110,129,138,159,177,200,187,212,194,146,186,160,187,86,149,209,138,184,206,184,132,116,145,125,155,105,123,101,139,104,105,112,126,127,110,65,119,103,167,141,118,127,123,149,152,121,86,132,121,131,64,,97,93,105,119,120,114,100,88,,97,87,106,70,84,54,87,71,54,70,88,79,65,92,125,126,115,128,,159,101,89,142,90,127,115,123,136,151,121,,134,,116,,84,122,140,121,140,119,134,140,138,125,119,128,112,111,109,111,103,100,104,115,97,108,113,111,,134,129,77,125,144
20250604,23,O3_8h_24h,114,116,141,127,105,155,137,89,76,125,125,116,152,134,105,92,104,96,95,197,187,141,198,130,187,152,178,184,165,158,143,166,188,114,114,103,121,147,162,112,93,156,136,126,163,115,106,96,125,122,183,184,154,53,49,50,78,42,47,43,44,132,130,81,102,98,93,73,111,120,113,111,155,100,141,102,103,119,113,80,116,117,104,190,124,132,109,118,178,97,126,173,140,124,95,129,65,116,83,60,,112,39,64,80,112,119,96,70,183,108,184,155,118,76,95,90,87,109,97,89,53,87,135,190,119,144,173,168,171,149,124,119,155,136,147,94,108,112,116,59,96,126,83,88,111,99,109,81,72,124,132,129,99,147,120,129,132,111,106,,,,,,,,,,,,,,,,,,,,,,,,,,,,,,138,151,106,185,105,119,157,101,110,115,88,80,99,106,69,82,156,100,101,79,96,83,91,50,57,100,94,72,54,60,45,54,58,48,80,100,56,176,171,170,112,133,78,170,167,186,153,162,126,119,108,61,66,54,110,66,106,107,119,69,81,102,119,143,159,185,157,156,150,122,151,133,161,66,141,171,124,176,166,161,117,85,112,101,142,76,100,74,110,77,70,103,114,119,86,59,96,81,149,135,109,100,101,124,112,112,67,113,104,99,56,,82,85,99,111,84,102,96,68,,80,67,94,63,71,44,83,69,48,54,74,67,56,92,115,126,108,108,,157,98,82,134,78,92,111,115,124,141,100,,127,,113,,61,112,117,110,129,109,130,134,122,117,110,121,104,103,103,104,102,97,100,109,94,106,107,104,,127,89,47,129,127
20250604,23,CO,0.33,0.47,0.36,0.39,0.47,0.30,0.14,0.56,0.40,0.35,0.28,0.25,0.30,0.51,0.49,0.57,0.37,0.32,0.46,0.62,0.70,0.62,0.73,0.43,0.75,0.68,0.78,0.61,0.66,0.75,0.58,0.72,0.60,0.64,0.44,0.42,0.50,0.68,0.85,0.38,0.55,0.60,0.40,0.30,0.62,0.44,0.54,0.54,0.51,0.40,0.54,1.18,0.63,0.83,0.75,0.52,0.90,0.63,0.77,0.82,0.71,0.90,0.59,0.42,0.88,0.71,0.40,0.64,0.40,0.55,0.27,0.50,0.38,0.29,0.63,0.96,0.55,0.50,0.36,0.72,0.27,0.65,0.57,0.44,0.37,0.45,0.65,0.57,0.48,0.35,0.43,0.52,0.38,0.46,0.30,0.50,0.75,0.57,0.78,0.78,,0.57,0.85,0.87,0.72,0.90,0.66,0.75,0.50,0.50,0.57,0.53,0.75,0.66,0.54,1.58,0.53,0.80,0.62,0.38,0.30,0.42,0.35,0.72,0.87,0.88,0.50,0.42,0.58,0.63,0.46,0.63,0.68,0.80,0.70,0.57,0.23,0.53,0.80,0.69,0.33,0.58,0.76,0.80,0.43,0.43,0.78,0.55,0.60,0.68,0.53,0.60,0.43,0.36,0.40,1.00,0.40,0.50,0.24,0.37,,,,,,,,,,,,,,,,,,,,,,,,,,,,,,0.50,0.40,0.63,0.46,0.20,0.37,0.58,0.50,0.43,0.75,0.30,0.30,0.35,0.28,0.37,0.25,0.40,0.32,0.63,0.30,0.30,0.20,0.35,0.55,0.70,0.40,0.25,0.53,0.43,0.43,1.07,0.60,0.35,0.40,0.35,0.35,0.30,0.63,0.48,0.90,0.65,0.70,0.40,0.53,0.44,0.40,0.47,0.50,0.88,0.68,0.30,0.67,0.63,0.60,0.50,0.57,0.82,0.72,0.68,0.43,0.68,0.62,0.53,0.67,0.96,0.48,0.60,0.35,0.44,0.45,0.40,0.33,0.70,0.65,0.54,0.93,0.45,1.00,0.70,1.50,0.80,0.43,0.92,0.85,1.00,0.40,0.77,0.50,0.78,0.40,0.83,0.90,0.68,0.63,0.60,0.63,0.73,0.65,0.75,0.50,0.53,0.47,0.65,0.72,0.73,0.73,0.55,0.60,0.50,0.70,0.60,,0.55,0.67,0.40,0.40,0.55,0.45,0.25,0.50,,0.60,0.45,0.30,0.50,0.55,0.60,0.60,0.30,0.60,0.60,0.50,0.80,0.55,0.45,0.35,0.30,0.20,0.40,,0.45,0.35,0.67,0.43,0.60,0.55,0.40,0.45,0.40,0.45,1.20,,0.45,,0.55,,0.65,0.60,0.40,0.20,0.40,0.60,0.40,0.70,0.23,0.30,0.23,0.40,0.30,0.25,0.30,0.35,0.35,0.35,0.55,0.45,0.20,0.30,0.30,0.35,,0.30,0.50,0.45,0.33,0.43
20250604,23,CO_24h,0.27,0.32,0.36,0.31,0.35,0.32,0.15,0.44,0.30,0.28,0.25,0.28,0.30,0.44,0.35,0.44,0.24,0.32,0.55,0.70,0.71,0.64,0.86,0.56,0.73,0.72,0.87,0.70,0.68,0.73,0.74,0.66,0.67,0.56,0.54,0.40,0.50,0.60,0.77,0.40,0.60,0.60,0.40,0.33,0.60,0.42,0.48,0.51,0.40,0.42,0.64,0.98,0.64,0.77,0.79,0.65,0.84,0.68,0.68,0.78,0.76,0.72,0.59,0.48,0.66,0.67,0.34,0.47,0.30,0.54,0.30,0.60,0.46,0.35,0.73,0.70,0.50,0.34,0.36,0.57,0.27,0.40,0.57,0.51,0.38,0.45,0.40,0.45,0.50,0.33,0.32,0.48,0.42,0.56,0.28,0.48,0.63,0.61,0.77,0.74,0.82,0.63,0.75,0.77,0.70,0.80,0.70,0.70,0.53,0.50,0.70,0.52,0.68,0.46,0.44,0.78,0.38,0.53,0.50,0.40,0.28,0.36,0.38,0.75,1.03,0.83,0.52,0.44,0.57,0.52,0.46,0.50,0.53,0.70,0.73,0.53,0.27,0.53,0.75,0.54,0.23,0.54,0.84,0.76,0.33,0.47,0.75,0.55,0.54,0.68,0.50,0.50,0.30,0.37,0.45,0.70,0.43,0.38,0.18,0.20,,,,,,,,,,,,,,,,,,,,,,,,,,,,,,0.47,0.40,0.63,0.54,0.18,0.27,0.50,0.43,0.37,0.53,0.33,0.20,0.30,0.22,0.27,0.20,0.30,0.30,0.35,0.22,0.27,0.25,0.30,0.40,0.70,0.40,0.25,0.47,0.43,0.37,0.37,0.63,0.30,0.37,0.35,0.30,0.35,0.55,0.48,0.87,0.85,0.53,0.35,0.55,0.42,0.43,0.45,0.50,0.85,0.60,0.45,0.60,0.63,0.70,0.50,0.55,0.97,0.88,0.65,0.46,0.65,0.56,0.50,0.67,0.84,0.55,0.63,0.42,0.56,0.50,0.43,0.33,0.78,0.57,0.58,0.97,0.42,0.75,0.87,1.10,1.03,0.33,0.72,0.75,0.70,0.40,0.57,0.43,0.85,0.40,0.60,0.80,0.70,0.53,0.53,0.60,0.60,0.55,0.80,0.50,0.63,0.47,0.65,0.98,0.63,0.75,0.53,0.50,0.55,0.55,0.60,,0.45,0.63,0.47,0.37,0.45,0.40,0.20,0.45,,0.40,0.55,0.30,0.65,0.50,0.60,0.55,0.30,0.50,0.55,0.45,0.60,0.45,0.40,0.30,0.30,0.15,0.30,,0.40,0.35,0.67,0.47,0.70,0.55,0.50,0.35,0.30,0.35,0.80,,0.50,,0.55,,0.35,0.60,0.40,0.10,0.40,0.40,0.40,0.60,0.27,0.30,0.27,0.45,0.40,0.30,0.35,0.30,0.30,0.20,0.55,0.45,0.10,0.40,0.25,0.35,,0.30,0.50,0.55,0.28,0.43